unit_ranch_number,gmu,ranch_name,ranch_class,ranch_status,elk_occupied_acreage,gis_acre,county
13-40130,13,Sam's Place,SCR,UW,37,37.22972229,Cibola
10-29825,10,La Vista,SCR,UW,25,24.89184888,Cibola
13-27106,13,Riverdale,SCR,UW,40,42.30142345,Catron
15-27802,15,THREE Z'S,SCR,UW,160,159.87002601,Catron
15-40995,15,Calderwood Ranch,SCR,UW,81,79.64857198,Catron
15-41068,15,RFT Ranch,SCR,UW,120,119.03903603,Catron
15-42256,15,Wild-R,SCR,UW,81,80.18886191,Catron
15-42276,15,KENT AND BRENDA SCHAUER,SCR,UW,80,81.66438188,Catron
16D-29020,16D,KELLAR RANCH,SCR,UW,29,25.06779726,Catron
16A-42225,16A,DOUBLE D RANCH,SCR,UW,34,40.02927376,Catron
16D-28708,16D,Najar,SCR,UW,10,9.66195615,Catron
23-41192,23,FS Ranch,SCR,UW,323,322.30791353,Catron
34-41016,34,McTeigue,SCR,UW,15,15.290009029999998,Otero
45-21353,45,Orlando Arellano,SCR,UW,228,124.41162534,Mora
45-21360,45,Quintana,SCR,UW,160,144.7030686,San Miguel
45-27204,45,Rodarte,SCR,UW,59,35.894444269999994,Taos
45-27444,45,Reymundo Griego,SCR,UW,12,15.448643740000001,Taos
45-29068,45,Caruso,SCR,UW,86,86.07241377,San Miguel
45-41824,45,Sisneros Ranch,SCR,UW,32,29.2557447,Taos
48-42399,48,Sandra Ledoux 48,SCR,UW,109,113.2556108,Mora
51-20512,51,Johnny Jaramillo,SCR,UW,62,59.978975750000004,Rio Arriba
51-21669,51,Ernest Sanchez,SCR,UW,259,247.58533348999998,Rio Arriba
51-22575,51,Sanchez Family Trust,SCR,UW,120,119.58713686,Rio Arriba
51-26477,51,DH,SCR,UW,126,130.41261307,Rio Arriba
51-27746,51,Tafoya L,SCR,UW,5,3.84774946,Rio Arriba
51-28775,51,Graves Tusas,SCR,UW,71,68.43210028,Rio Arriba
51-28950,51,C Ortega,SCR,UW,15,14.63770298,Rio Arriba
51-28964,51,Mendonca-Trujillo,SCR,UW,15,12.48108831,Rio Arriba
51-29050,51,Valdez,SCR,UW,20,20.209635730000002,Rio Arriba
51-29739,51,Juarros,SCR,UW,19,16.91858208,Rio Arriba
51-42343,51,Meadow Lark Forge,SCR,UW,25,24.839531870000002,Rio Arriba
5B-22438,5B,OLIVAS TRACT A,SCR,UW,250,250.3881709,Rio Arriba
6A-20584,6A,DARRINGTON RANCH,SCR,UW,142,134.23413685,Sandoval
6A-22483,6A,Patrick Rodriguez,SCR,UW,90,91.52542381,Rio Arriba
6A-29625,6A,Crystal Springs,SCR,UW,11,10.60806633,Sandoval
6A-41215,6A,RANCHO DE GABRIEL MONTOYA,SCR,UW,127,115.92684606,Sandoval
6A-41328,6A,Ruth Hernandez Andrus,SCR,UW,116,113.31224233,Sandoval
6A-41865,6A,Rancho Azul,SCR,UW,99,97.1468348,Rio Arriba
6A-42412,6A,Sanchez,SCR,UW,31,32.403556880000004,Sandoval
6C-20637,6C,John Valdez,SCR,UW,67,64.25892823,Rio Arriba
6C-26924,6C,Banco Largo,SCR,UW,55,72.22863381,Rio Arriba
6C-28326,6C,Sarca,SCR,UW,20,20.00982293,Rio Arriba
6C-28727,6C,El Moro,SCR,UW,68,65.37564040000001,Rio Arriba
6C-40854,6C,Rancho de la Mesa,SCR,UW,5,5.36531302,Rio Arriba
6C-40884,6C,Charles Padilla Ranch (GMU 6C),SCR,UW,21,18.27654974,Rio Arriba
6C-41051,6C,Tierra Y Cielo,SCR,UW,8,7.97610584,Rio Arriba
6C-41475,6C,CZ Ranch,SCR,UW,7,7.05938535,Rio Arriba
6C-42906,6C,Marvin Martinez,SCR,UW,31,30.04368544,Rio Arriba
15-43099,15,Whale Tails II,SCR,UW,20,19.99394611,Catron
15-43002,15,Rock House,SCR,UW,40,40.79484618,Catron
51-43522,51,Roman Martinez,SCR,UW,9,9.046977750000002,Rio Arriba
6A-43542,6A,Lopez,SCR,UW,14,13.74557707,Sandoval
16A-43425,16A,Mr Lerma,SCR,UW,34,34.12086939,Catron
51-42040,51,Joe B Valdez 2,SCR,UW,60,60.562423589999995,Rio Arriba
23-43678,23,Lazy 5k Ranch,SCR,UW,32,33.06846751,Catron
12-43768,12,Omega Pines,SCR,UW,437,436.67979868000003,Catron
6C-43836,6C,Leyba - Abiquiu,SCR,UW,3,2.83423594,Rio Arriba
16D-29829,16D,Hayhurst Ranch,SCR,UW,86,86.26488225,Catron
34-43850,34,Lisk Ranch,SCR,UW,21,20.97924535,Otero
6A-43878,6A,Julia Duran,SCR,UW,14,14.226635439999999,Sandoval
48-21518,48,Coyote,SCR,UW,22,19.84568717,Colfax
36-44096,36,SC,SCR,UW,35,33.090926589999995,Lincoln
15-44126,15,Anderson 2,SCR,UW,20,20.99270456,Catron
15-44134,15,Lindley ,SCR,UW,10,9.53737753,Catron
51-44166,51,Cross Canyon Ranch,Base,UW,2200,2198.71496431,Rio Arriba
49-44206,49,Cordovas,SCR,UW,15,20.878506419999997,Taos
15-44213,15,Laney Ranch 2,SCR,UW,20,19.550798099999998,Catron
51-44242,51,Andres Garcia,SCR,UW,26,25.434323290000002,Rio Arriba
10-20874,10,W TRIANGLE RANCH,Base,UW,1280,1278.38989273,Cibola
34-29280,34,BUG SCUFFLE SPORTSMAN'S ,Base,UW,288,256.93021331,Otero
5B-26919,5B,KEEP RANCH,SCR,UW,50,49.06044509,Rio Arriba
6C-20578,6C,EDDIE VIGIL RANCH,SCR,UW,153,152.56479231999998,Rio Arriba
6C-42741,6C,EL PORTERO,SCR,UW,154,157.746859,Rio Arriba
53-43505,53,Quintana,SCR,UW,54,54.22818187,Taos
53-44093,53,Andrew Rael,SCR,UW,51,50.72197084,Taos
53-21800,53,JRL,SCR,UW,119,112.8339283,Taos
53-21769,53,Sanchez Bros.,SCR,UW,24,23.74685343,Taos
53-21772,53,Gallegos,SCR,UW,110,78.00301433,Taos
53-21794,53,Cipriano Medina,SCR,UW,316,327.39124497,Taos
53-22972,53,Overland,SCR,UW,158,158.78908464,Taos
53-41327,53,Top of the World Farms,Base,UW,4337,4279.59317327,Taos
52-43387,52,Chino Lake Elk Trail,SCR,UW,10,10.00904802,Rio Arriba
52-42766,52,Yoder,SCR,UW,158,154.39921415,Rio Arriba
52-21740,52,Baudelio Garcia,SCR,UW,70,59.00567874,Rio Arriba
52-21758,52,Filemon Garcia,SCR,UW,52,51.07066827,Rio Arriba
52-23622,52,R. D. Perry,SCR,UW,95,95.18935542,Rio Arriba
52-26949,52,Thomas Holmes,SCR,UW,85,85.68749961,Rio Arriba
52-28216,52,Nelson,SCR,UW,48,46.94213182,Rio Arriba
52-28255,52,Blake & Kelly Motl,SCR,UW,25,23.95536517,Rio Arriba
52-44180,52,Los Pinos River Ranch,SCR,UW,70,72.33464576,Rio Arriba
52-29873,52,Mullins,SCR,UW,43,52.19615691,Rio Arriba
52-41069,52,Lemon #1,SCR,UW,106,107.2285419,Rio Arriba
52-41184,52,Lemon #2,SCR,UW,12,11.66337482,Rio Arriba
52-41490,52,Los Pinos River Trust,SCR,UW,30,29.892628520000002,Rio Arriba
52-41544,52,SISNEROS RANCH,SCR,UW,21,21.406857210000002,Rio Arriba
52-41793,52,Sisneros,SCR,UW,106,92.36191837000001,Rio Arriba
52-42334,52,Lemon #3,Base,UW,589,522.51649033,Rio Arriba
51-43497,51,Garcia & Son,SCR,UW,10,9.84400011,Rio Arriba
52-42804,52,Clayton Pearson,Base,UW,1350,1336.44080505,Rio Arriba
50-29090,50,Mayo,SCR,UW,152,149.86326661,Taos
50-29103,50,No Agua Station,SCR,UW,151,150.92439377999997,Rio Arriba
50-29422,50,George Smith,SCR,UW,294,293.26438519,Taos
50-29639,50,Randall,SCR,UW,160,159.47818663,Rio Arriba
51-21675,51,Tony Archuleta,SCR,UW,80,75.80358451,Rio Arriba
51-28657,51,4 S,SCR,UW,88,87.01562139,Rio Arriba
51-29565,51,Tesoross,Base,UW,270,242.42305989,Rio Arriba
52-21712,52,White Heaven,Base,UW,4884,4859.92279196,Rio Arriba
52-21715,52,Frank Smith,Base,UW,723,720.56035923,Rio Arriba
52-21716,52,George Smith,Base,UW,1118,1115.86566981,Rio Arriba
52-21722,52,Tres Piedras,Base,UW,433,408.99706738000003,Rio Arriba
52-26796,52,Triangle P,SCR,UW,22,22.248160220000003,Taos
52-42370,52,Rancho Rio Los Pinos,SCR,UW,22,22.730404319999998,Rio Arriba
52-21749,52,Howes/Marion,SCR,UW,153,153.13436289999999,Rio Arriba
52-21718,52,Vigil,Base,UW,377,363.41384856999997,Rio Arriba
52-21720,52,M. F. Sanchez,SCR,UW,81,77.85329688,Rio Arriba
52-21730,52,NJ Taylor,Base,UW,280,279.58054900999997,Rio Arriba
52-21741,52,Randy Sanchez,SCR,UW,77,77.05840930000001,Rio Arriba
52-21742,52,Double A,SCR,UW,50,39.35095176,Rio Arriba
52-21756,52,Brent Sowards,Base,UW,438,427.54870595,Rio Arriba
52-27915,52,Gilcrease,SCR,UW,12,13.168100590000002,Rio Arriba
52-28711,52,Sigmon,SCR,UW,80,79.96881202,Rio Arriba
52-40749,52,Galles,Base,UW,160,157.2817606,Rio Arriba
52-40804,52,GU3,SCR,UW,160,159.69750424,Rio Arriba
52-41972,52,C Gilcrease,SCR,UW,10,9.99990137,Rio Arriba
52-42032,52,Tio Grande,SCR,UW,7,6.74954398,Rio Arriba
52-43141,52,Olguin Place,SCR,UW,10,9.90391041,Rio Arriba
52-43100,52,JK Ponderosa LLC,Base,UW,160,159.42009266999997,Rio Arriba
48-21525,48,Mares,SCR,UW,127,136.21747615,Mora
48-21536,48,Carlos Duran,Base,UW,516,496.54587337,Mora
48-21537,48,Bonita Canyon,Base,UW,638,635.49686786,Mora
48-21546,48,Antonio Chavez,SCR,UW,186,178.50282380000002,Mora
48-21548,48,Elk Run,SCR,UW,12,12.23351477,Mora
48-22963,48,Ocate,Base,UW,179,180.39913785000002,Mora
48-22966,48,Estate of George Middleton,Base,UW,649,640.10697709,Mora
48-27286,48,El Campo,SCR,UW,139,111.56081217,Mora
48-28691,48,Davis/Germscheid,SCR,UW,38,38.38410902,Colfax
48-29795,48,Linda Blattman,Base,UW,537,534.4460909000001,Mora
48-42038,48,Vigil Ranch,SCR,UW,30,29.654601449999998,Mora
48-42756,48,Double Echo Ranch,SCR,UW,60,60.882221089999994,Mora
48-44105,48,Rubin Ranch,SCR,UW,70,69.58516861999999,Colfax
48-43404,48,Guara Ranch,Base,UW,387,371.86319761,Colfax
48-21519,48,Reuben Vigil,Base,UW,160,154.85981856,Colfax
48-22549,48,Vigil,Base,UW,291,294.80014492,Colfax
49-21490,49,Samuel Martinez,SCR,UW,148,141.76238569,Taos
49-29029,49,CDQ's,SCR,UW,30,29.56292662,Taos
49-29206,49,G,SCR,UW,12,14.043371,Taos
49-41125,49,Barela,SCR,UW,78,77.19523709,Taos
49-41819,49,Garcia Ranch,SCR,UW,16,16.876422260000002,Taos
49-42023,49,T-M Ranch,SCR,UW,8,6.40656928,Taos
49-43806,49,JJJ,SCR,UW,8,7.8974018500000005,Taos
49-43815,49,Tiendita's,SCR,UW,208,214.82677185,Taos
48-43826,48,Spears Land Co.,SCR,UW,64,65.89704705000001,Colfax
48-27079,48,Ramon Gonzales,SCR,UW,35,34.5578801,Colfax
53-21774,53,MIDNIGHT RANCH,SCR,UW,108,111.72775616999999,Taos
53-21798,53,S and M Ranch,SCR,UW,30,29.49469383,Taos
53-21819,53,Gabriel Herrera,SCR,UW,42,39.87032521,Taos
53-27699,53,Sid Johnson,SCR,UW,56,59.227831470000005,Taos
53-28366,53,Lawrence Ortega,SCR,UW,19,18.052297069999998,Taos
53-40446,53,Martinez,SCR,UW,68,62.94569696,Taos
53-40836,53,Rael,SCR,UW,17,17.47257451,Taos
53-41317,53,El Bosque,SCR,UW,16,16.698074990000002,Taos
53-41318,53,La Vega,SCR,UW,43,42.43257868,Taos
53-41527,53,LEON'S RANCH,SCR,UW,18,20.96705741,Taos
53-41803,53,G & R Robinson,SCR,UW,21,20.578271479999998,Taos
53-41812,53,Archuleta Ranch,SCR,UW,20,18.7017134,Taos
53-41319,53,La Joya,SCR,UW,63,62.385870970000006,Taos
50-21596,50,Elkhorn,Base,UW,1280,1283.6139312300002,Taos
50-21612,50,Wind Mountain,Base,UW,1368,1304.1968190799998,Taos
50-27471,50,Section 35,Base,UW,648,646.20233168,Taos
50-28719,50,Mestas,Base,UW,3520,3542.32611919,Taos
50-29587,50,Jackson,SCR,UW,115,121.56462465999999,Taos
51-21635,51,Gurule,Base,UW,518,511.92635777000004,Taos
50-44160,50,Just Gonna Send It,SCR,UW,240,241.00707129,Taos
50-44125,50,Regenerative Ranch LLC,Base,UW,1744,1752.99516766,Taos
53-29329,53,Julie Gonzales,SCR,UW,47,46.22650686,Taos
53-41802,53,El Solito Post Ranch,SCR,UW,354,313.18237433,Taos
53-41825,53,F Ortega Ranch,SCR,UW,80,103.34084468,Taos
53-41826,53,Rudy Ortega,SCR,UW,50,53.50533254,Taos
53-44114,53,Ortiz Ranch,SCR,UW,19,19.24189557,Taos
53-43122,53,Archuleta,SCR,UW,117,129.40390772,Taos
51-28885,51,Mayo,SCR,UW,82,63.0652511,Rio Arriba
51-21714,51,Elive Valdez,Base,UW,343,230.42252304000002,Rio Arriba
51-21743,51,Edwin Gurule,SCR,UW,54,60.04135089,Rio Arriba
51-22582,51,Phil Reynolds,Base,UW,357,336.8854514,Rio Arriba
51-22583,51,Mrs. Sammie Gurule,SCR,UW,54,49.19967956,Rio Arriba
51-22584,51,Samuel Martinez,Base,UW,251,252.88463939000002,Rio Arriba
51-22588,51,Diego Jaramillo,SCR,UW,157,162.55801528,Rio Arriba
51-27138,51,La Cienga,SCR,UW,100,104.13193616,Rio Arriba
51-43809,51,Canon Plaza,SCR,UW,4,8.481387199999999,Rio Arriba
51-28939,51,Carl Smith,SCR,UW,156,156.79669124,Rio Arriba
51-43842,51,Lucas,SCR,UW,4,4.3065497299999995,Rio Arriba
51-29673,51,Anastacio Valdez,Base,UW,415,435.18094919000004,Rio Arriba
51-40455,51,Dad and Son Dream,Base,UW,189,198.60738324000002,Rio Arriba
52-22587,52,Edwin Gurule,SCR,UW,153,138.46472186,Rio Arriba
52-44214,52,Little Tusas,SCR,UW,115,109.38988307,Rio Arriba
51-29603,51,Tusas,SCR,UW,88,97.54782395,Rio Arriba
51-43444,51,Rancho de la Canada,SCR,UW,15,25.03042443,Rio Arriba
51-43449,51,Rancho Angostura,SCR,UW,29,22.64365315,Rio Arriba
51-21680,51,Luis Pena,SCR,UW,34,33.41160608,Rio Arriba
51-43817,51,Northfork,SCR,UW,9,8.94193194,Rio Arriba
51-43849,51,Rancho de las Playas,SCR,UW,43,42.42423484,Rio Arriba
51-43847,51,Rancho Valdez,SCR,UW,29,29.112544800000002,Rio Arriba
51-29596,51,JL Griego Ancones,SCR,UW,33,32.290718590000004,Rio Arriba
51-43792,51,Michael T. Pena #2,SCR,UW,39,38.71935964,Rio Arriba
51-44029,51,Rancho Cuchilla,SCR,UW,35,34.04663437,Rio Arriba
51-41128,51,W. Valdez,SCR,UW,13,11.96760899,Rio Arriba
51-43848,51,Rancho Penascal,SCR,UW,5,3.95410671,Rio Arriba
51-44163,51,Heraldo Pena Ranch,SCR,UW,13,12.65025615,Rio Arriba
51-43523,51,Reynoso,SCR,UW,37,35.892239690000004,Rio Arriba
51-43427,51,LUIS PENA,SCR,UW,18,18.26589713,Rio Arriba
45-27194,45,Velasquez,SCR,UW,21,20.228922309999998,Taos
45-27366,45,Lopez,SCR,UW,17,17.748651,Taos
45-29783,45,Gates,SCR,UW,85,84.7794395,Taos
49-28700,49,Michael Romero,SCR,UW,11,11.150557469999999,Taos
45-29261,45,Bendecio,SCR,UW,86,80.21831741,Taos
45-41325,45,Lopez,SCR,UW,10,9.7603375,Taos
45-43709,45,A Lopez,SCR,UW,27,23.18796084,Taos
51-43014,51,M Chacon Cattle Co LLC,SCR,UW,15,18.70680072,Rio Arriba
45-21398,45,Monte de Christo,SCR,UW,19,18.758140949999998,San Miguel
45-29287,45,Tres Ritos,SCR,UW,21,20.410356189999998,Taos
45-29799,45,El Pinoreal,SCR,UW,66,61.35755196,San Miguel
45-40545,45,RC Acres,SCR,UW,7,6.95404845,Rio Arriba
45-41063,45,La Pasada,SCR,UW,24,23.93160026,San Miguel
45-41173,45,Veanna Maestas Rodarte,SCR,UW,17,16.680673,San Miguel
45-41437,45,La Sierra Cattle Co.,SCR,UW,94,89.97071641999999,Taos
45-41487,45,Mascarenas-Trujillo,SCR,UW,72,52.214391140000004,Taos
49-27989,49,Mondragon,SCR,UW,45,40.61181315,Mora
45-29319,45,Martinez,SCR,UW,20,17.77193003,Taos
45-41480,45,A Hart Allex,SCR,UW,82,81.85461296000001,Taos
45-43782,45,JAVEL Ranch,SCR,UW,45,42.61003429,Taos
45-44068,45,Strong Ranch,SCR,UW,11,10.78064024,Taos
51-27430,51,Gramoll,SCR,UW,106,100.49111211,Rio Arriba
51-21645,51,P and L,SCR,UW,176,172.14262341999998,Rio Arriba
51-22573,51,Jose F. Ortiz,SCR,UW,160,141.97747088999998,Rio Arriba
51-26682,51,Antonio Griego,Base,UW,282,343.59206788,Rio Arriba
51-27183,51,Rancho de Trujillos,SCR,UW,63,59.46290885,Rio Arriba
51-27429,51,Gilberto Ortiz,SCR,UW,36,33.44817448,Rio Arriba
51-27644,51,Adriano Valdez,SCR,UW,20,21.64844913,Rio Arriba
51-29628,51,Double G,SCR,UW,7,6.3381634,Rio Arriba
51-40560,51,Fresquez,SCR,UW,8,5.98552859,Rio Arriba
51-44120,51,Kenneth Baca,SCR,UW,70,70.0028552,Rio Arriba
51-43004,51,M Chacon Cattle Co LLC,SCR,UW,37,32.460375969999994,Rio Arriba
51-29453,51,Bar Circle S,SCR,UW,122,117.1640709,Rio Arriba
2-20027,2,Ahlm/Schriber,SCR,UW,55,54.69866582,Rio Arriba
2-20005,2,Bixler,SCR,UW,144,136.05923568,Rio Arriba
2-26693,2,Andrews ,SCR,UW,159,159.47163537,Rio Arriba
2-26820,2,DECKER RANCH,SCR,UW,400,396.64954438,Rio Arriba
2-27442,2,Manual Ferran 1,SCR,UW,523,522.58045817,Rio Arriba
2-28327,2,Teupell,SCR,UW,97,96.87485724999999,Rio Arriba
2-29636,2,ELK VALLEY RANCH,SCR,UW,160,157.38086676999998,Rio Arriba
2-40856,2,Jordan,Base,UW,794,773.32408016,Rio Arriba
2-41090,2,GRIMES ABEYTA GARCIA,SCR,UW,223,223.15856488,Rio Arriba
2-20008,2,Candelaria Ranch LLC,Base,UW,1492,1479.7289001200002,Rio Arriba
2-28125,2,Bixler Ranch Estate,SCR,UW,8,7.96279673,Rio Arriba
2-43483,2,Morningstar 1,SCR,UW,125,130.44713026,Rio Arriba
2-43538,2,Morningstar 2,SCR,UW,327,320.86496638999995,Rio Arriba
51-21639,51,Gilly Ortiz,Base,UW,344,355.63257353,Rio Arriba
51-21661,51,Placico M. Borrego,SCR,UW,80,81.44331555,Rio Arriba
51-21671,51,Cova,SCR,UW,157,157.95847937000002,Rio Arriba
51-21704,51,Benderland,SCR,UW,81,79.63863031999999,Rio Arriba
51-22562,51,David Archuleta,Base,UW,1104,1097.8553650899999,Rio Arriba
51-22563,51,Delfin Quintana,Base,UW,335,318.24607151,Rio Arriba
51-28005,51,Elk Springs,SCR,UW,116,119.16701882,Rio Arriba
51-29735,51,Lloyd Reynolds,SCR,UW,43,42.21831026,Rio Arriba
51-41975,51,Urban Martinez,SCR,UW,79,78.96215342,Rio Arriba
52-21708,52,Griego,SCR,UW,150,138.52300703,Rio Arriba
52-21711,52,Lloyd Reynolds,Base,UW,207,207.79888309,Rio Arriba
52-41646,52,Las Tusas Ranch,SCR,UW,82,79.98128071000001,Rio Arriba
51-22567,51,Juan Montano,Base,UW,318,294.58872436,Rio Arriba
51-21709,51,Arturo Valdez,SCR,UW,119,121.77139652999999,Rio Arriba
51-21687,51,J. and G. Martinez,SCR,UW,110,108.91860037,Rio Arriba
51-44023,51,Ranchito Dominguez,SCR,UW,35,40.961219369999995,Rio Arriba
51-41100,51,JLR Baca,SCR,UW,13,13.195512169999999,Rio Arriba
51-41571,51,Garcia,SCR,UW,26,26.65180145,Rio Arriba
51-42017,51,Rivera Ranch,SCR,UW,58,58.544620800000004,Rio Arriba
51-42372,51,J. Mtz,SCR,UW,10,10.028119460000001,Rio Arriba
51-42627,51,AE GARCIA RANCH,SCR,UW,38,39.108821680000005,Rio Arriba
51-44176,51,Cottonwood Creek,SCR,UW,8,10.868370259999999,Rio Arriba
51-43005,51,Patrick L. Valdez,SCR,UW,12,12.17967765,Rio Arriba
51-43006,51,Joaquin Valdez,SCR,UW,16,19.471389549999998,Rio Arriba
51-42603,51,MONTANO RANCH,SCR,UW,29,27.26971385,Rio Arriba
51-43521,51,Sylvia Martinez,SCR,UW,7,7.35594118,Rio Arriba
51-42657,51,NAPOLEAN GARCIA RANCH,SCR,UW,26,26.42986912,Rio Arriba
51-27537,51,Camote,SCR,UW,86,82.80317822,Rio Arriba
51-20443,51,Bar A Bar,Base,UW,1503,1357.1491965100001,Rio Arriba
51-43423,51,Wapiti,SCR,UW,143,139.79922597,Rio Arriba
51-20471,51,David Martinez Sr.,SCR,UW,224,229.43044992999998,Rio Arriba
51-21666,51,Joe Modesto Madrid,Base,UW,256,240.92956474,Rio Arriba
51-21691,51,Jose Cordova,SCR,UW,204,185.37771587,Rio Arriba
51-21700,51,David Martinez Sr.,Base,UW,231,231.00314641999998,Rio Arriba
51-21705,51,LUCIA MONTOYA,Base,UW,360,333.23785727,Rio Arriba
51-22441,51,Flying A,Base,UW,509,501.25277821000003,Rio Arriba
51-22445,51,Leroy & Donna Martinez,Base,UW,231,231.78603766,Rio Arriba
51-22566,51,Filberto Ulibarri,Base,UW,640,638.22296953,Rio Arriba
51-28969,51,Rancho Valdez,SCR,UW,20,20.25228409,Rio Arriba
51-29493,51,Lazy T,SCR,UW,10,9.10479355,Rio Arriba
51-29203,51,Tobias Sanchez,SCR,UW,186,176.54779012,Rio Arriba
51-21641,51,Augustine Garcia,SCR,UW,166,154.06298094000002,Rio Arriba
51-21650,51,Dennis Garcia,SCR,UW,150,243.46786885,Rio Arriba
51-27975,51,Rancho del Oso (Martinez),SCR,UW,200,176.37793639,Rio Arriba
51-28982,51,Rancho del Oso (Garcia),Base,UW,698,679.72848699,Rio Arriba
51-41408,51,Rancho De Vallecitos,Base,UW,800,799.12471218,Rio Arriba
51-42332,51,La Jarita,SCR,UW,45,45.03624082,Rio Arriba
51-42335,51,Ranchito de Leyba Brothers LLC,SCR,UW,80,80.2757166,Rio Arriba
6C-20652,6C,Benjamin Jaramillo,SCR,UW,23,25.76718162,Rio Arriba
6C-20744,6C,Rancho Alegre,SCR,UW,45,43.01200591,Rio Arriba
6C-42679,6C,CANONES CREEK RANCH,SCR,UW,4,4.1079163,Rio Arriba
6C-42824,6C,Lovato Ojito,SCR,UW,11,10.80350586,Rio Arriba
6C-20639,6C,ABIQUIU GRANT,Base,UW,15349,15248.310169150001,Rio Arriba
6C-42835,6C,SALAZAR RANCH,SCR,UW,60,63.51816727,Rio Arriba
6C-43403,6C,Silvestre,SCR,UW,40,41.274033270000004,Rio Arriba
51-20447,51,Mildred Hibner Rev. Trust,Base,UW,641,640.83183007,Rio Arriba
51-20449,51,Esperanza Grazing Association,Base,UW,480,477.92664142,Rio Arriba
51-20450,51,Northwest Partnership,Base,UW,318,320.99681595,Rio Arriba
51-20452,51,Rosendo Serrano,Base,UW,258,249.22857333,Rio Arriba
51-20453,51,Rancho la Mesa,Base,UW,480,479.15509605999995,Rio Arriba
51-20458,51,Napoleon Ulibarri,Base,UW,267,259.56335627000004,Rio Arriba
51-20460,51,E.J. TRUJILLO,Base,UW,712,620.19468944,Rio Arriba
51-20473,51,Robert Ulibarri,SCR,UW,98,98.90956231999999,Rio Arriba
51-20478,51,Adolfo P. Maes,Base,UW,374,367.92390929,Rio Arriba
51-20500,51,Enrique M. Miranda,Base,UW,636,640.6939267,Rio Arriba
51-20511,51,Tainter,SCR,UW,78,77.78334803,Rio Arriba
51-20462,51,SISNEROS,Base,UW,677,677.7437588299999,Rio Arriba
51-20448,51,Barns,Base,UW,640,639.4139199900001,Rio Arriba
51-20461,51,Saye Homestead LLC,Base,UW,1280,1278.67130527,Rio Arriba
51-20477,51,Hinds,Base,UW,320,319.83160698999995,Rio Arriba
51-21655,51,Turquoise 10,Base,UW,640,643.54753494,Rio Arriba
5B-20465,5B,ROGER CORRALES,SCR,UW,85,74.55757538,Rio Arriba
5B-20469,5B,SERGIO MORFIN,Base,UW,1347,1368.16475186,Rio Arriba
5B-20513,5B,Berlarmino Martinez,SCR,UW,45,42.36560108,Rio Arriba
5B-41415,5B,Whisper Ridgr Ranch,SCR,UW,34,35.14062834,Rio Arriba
6A-20664,6A,VIVIAN SUAZO RANCH,SCR,UW,71,72.16110809,Rio Arriba
6A-27736,6A,Reducinda Maestas,SCR,UW,27,30.34066256,Rio Arriba
5B-42440,5B,Lobato,SCR,UW,15,15.05181174,Rio Arriba
6C-20727,6C,LS Ranch,SCR,UW,48,49.00102432,Rio Arriba
6C-44077,6C,Pina 2,SCR,UW,25,24.360548520000002,Rio Arriba
6C-44133,6C,R&V Rag Horn,SCR,UW,55,54.61907427,Rio Arriba
6C-20527,6C,RANCHO ALAZAN,SCR,UW,91,68.44350253,Rio Arriba
6C-20644,6C,Adela Montoya,SCR,UW,160,157.8717119,Rio Arriba
6C-20777,6C,RANCHO DE LAS SILLAS,SCR,UW,117,115.45747389,Rio Arriba
6C-22466,6C,SERGIO MORFIN,SCR,UW,237,235.24537493999998,Rio Arriba
6C-26488,6C,Jacobo Salazar,Base,UW,557,395.4527652,Rio Arriba
6C-22449,6C,La Grulla,Base,UW,2189,1780.4733820400002,Rio Arriba
5B-43408,5B,Homestead Ranch,SCR,UW,69,43.05476056,Rio Arriba
5B-43524,5B,Rincones,SCR,UW,217,206.8389039,Rio Arriba
5B-43392,5B,Danny J Branch Family Trust,SCR,UW,12,12.363709889999999,Rio Arriba
5B-43840,5B,TC Johnson Enterprises LLC,Base,UW,460,467.45900657,Rio Arriba
5B-20343,5B,NOGALES CANYON,SCR,UW,152,142.10853763999998,Rio Arriba
5B-29431,5B,NOGALES CANYON #2,SCR,UW,57,55.66644848,Rio Arriba
5B-40426,5B,Leonard and Francine Jacquez,SCR,UW,58,58.86281053,Rio Arriba
5B-40591,5B,Suazo Ranch -B,SCR,UW,51,58.06268792,Rio Arriba
5B-41896,5B,Ortiz Ranch,SCR,UW,30,24.17401721,Rio Arriba
6A-22947,6A,Clement Suazo,SCR,UW,36,32.62452078,Rio Arriba
5B-20441,5B,Pablo Casados,SCR,UW,246,242.36519376,Rio Arriba
6A-22472,6A,Lonnie Jacquez,Base,UW,691,690.46462635,Rio Arriba
6A-43466,6A,Mann-Rocco,SCR,UW,39,34.65523521,Sandoval
6C-43763,6C,JAB,SCR,UW,16,16.600151,Rio Arriba
6A-29239,6A,Penas ,SCR,UW,8,7.9411234,Rio Arriba
6A-40487,6A,Blanton North,SCR,UW,9,8.48406091,Sandoval
6A-40503,6A,Herrera,SCR,UW,11,10.90861656,Rio Arriba
6A-40891,6A,Lucero & Son,SCR,UW,40,37.882379650000004,Sandoval
6C-20724,6C,Merhege,SCR,UW,19,18.43143537,Rio Arriba
6C-22450,6C,Jarosa,SCR,UW,55,32.905969670000005,Rio Arriba
6C-42727,6C,Medio Dia Canyon,SCR,UW,105,98.64992182,Sandoval
6A-20611,6A,B Martinez,SCR,UW,61,62.9545383,Sandoval
6A-42654,6A,HIGH BAR RANCH,SCR,UW,26,27.00274778,Sandoval
6A-42813,6A,Los Dos Ojitos,SCR,UW,104,103.39617804000001,Sandoval
6C-20730,6C,Velasquez Brothers,SCR,UW,30,28.21327522,Rio Arriba
6C-40495,6C,Ranch House Field,SCR,UW,84,78.84005955,Rio Arriba
6C-42487,6C,Pina I,SCR,UW,17,16.26317261,Rio Arriba
2-20006,2,P&C Montoya,Base,UW,2300,2333.7171207899996,Rio Arriba
2-23098,2,Dirty Sage Wildlife Ranch,SCR,UW,80,79.46839004,Rio Arriba
2-26453,2,DEVIL'S SPRINGS,SCR,UW,479,469.94335858,Rio Arriba
2-29230,2,DEAN RANCH,SCR,UW,141,141.90893666,Rio Arriba
2-40734,2,Fort CanHole,SCR,UW,80,79.49684638,Rio Arriba
2-42012,2,C Phillips Fuller Ranch,SCR,UW,160,158.69217735,Rio Arriba
2-42525,2,ELK CAMP,SCR,UW,80,79.11899224999999,Rio Arriba
2-43518,2,4P,SCR,UW,560,559.93030683,Rio Arriba
2-20022,2,4 P Ranch,Base,UW,3561,3536.35056637,Rio Arriba
2-43519,2,TWIN PEAKS RANCH ,Base,UW,770,770.2111473699999,Rio Arriba
6A-20633,6A, ELOISA GUTIERREZ RANCH,SCR,UW,206,208.30193063,Sandoval
6A-42353,6A,JLB Properties,SCR,UW,26,27.16568644,Sandoval
6A-42355,6A,Pino,SCR,UW,42,38.92692154,Sandoval
2-20009,2,NICK CANDELARIA,Base,UW,3188,3187.8005359999997,Rio Arriba
6A-29772,6A,Patricio Duran,SCR,UW,5,5.1069532,Sandoval
6A-43837,6A,Elwell,SCR,UW,280,273.6614483,Sandoval
6A-20772,6A,Donald Garcia Ranch,SCR,UW,5,5.15872421,Sandoval
6A-20785,6A,MAESTAS RANCH,Base,UW,852,382.85737628,Sandoval
6A-28268,6A,Lazy CT,SCR,UW,67,68.65740515,Sandoval
7-20787,7,Samuel Smelser,Base,UW,1270,1267.51023079,Sandoval
7-22488,7,DONALD LOONEY,SCR,UW,640,638.36291683,Sandoval
7-41893,7,Eichwald-Shoman Ranch,SCR,UW,19,19.40428021,Sandoval
7-42501,7,German Browns,SCR,UW,20,19.2899107,Sandoval
36-43460,36,Montes,SCR,UW,14,14.13097922,Lincoln
36-21334,36,Diamond C,Base,UW,160,163.41690855,Lincoln
36-21343,36,7HP,Base,UW,340,405.33232224,Lincoln
36-28782,36,Silva,Base,UW,170,151.21050886999998,Lincoln
36-40821,36,Dakota,SCR,UW,77,79.33066263,Lincoln
36-41846,36,Gonzales Ranch,SCR,UW,19,17.3340202,Lincoln
36-42180,36,Dyer Ranch,SCR,UW,113,110.30116955000001,Lincoln
36-43391,36,Campestre,SCR,UW,37,36.91659431,Lincoln
36-27996,36,Dennis Nosker,Base,UW,366,348.82028143,Lincoln
36-41440,36,Portal Del Cielo,SCR,UW,121,125.82847312,Lincoln
36-43816,36,Brazel Ranch,Base,UW,160,161.20114728,Lincoln
36-43869,36,Peanut's Place,SCR,UW,4,4.51521818,Lincoln
36-44121,36,Bailey Family Farm,SCR,UW,51,48.76222081,Lincoln
36-44135,36,Bocoe Ranch LLC,Base,UW,346,336.64697135,Lincoln
36-21332,36,Runnels,SCR,UW,47,47.51332713,Lincoln
36-26786,36,Lazy J,SCR,UW,82,81.32422922,Lincoln
36-26903,36,Windmill Canyon,SCR,UW,96,90.74133180999999,Lincoln
36-28184,36,Sanchez Place,SCR,UW,39,37.84595265,Lincoln
36-41340,36,ENGLISH RANCH,Base,UW,165,164.23172810999998,Lincoln
36-42629,36,LAZY YJ RANCH,SCR,UW,50,50.978273030000004,Lincoln
36-42684,36,PEAR SPRINGS,SCR,UW,9,8.230762050000001,Lincoln
36-29862,36,Benny Runnels,SCR,UW,32,34.63263885,Lincoln
36-43712,36,Mills,SCR,UW,80,85.49748135,Lincoln
36-43822,36,Shady Oaks,SCR,UW,15,13.989913660000001,Lincoln
36-43825,36,Cherry,SCR,UW,21,20.30499887,Lincoln
36-43094,36,N Bar N,SCR,UW,20,18.52454131,Lincoln
34-21263,34,Walker Ranch Land LLC,Base,UW,555,511.0046966,Otero
34-26783,34,John L. Brown,SCR,UW,71,64.05485458,Otero
34-26784,34,Campbell,Base,UW,340,317.38984963999997,Otero
34-27533,34,Torres & Torres,SCR,UW,42,40.19579521,Otero
34-27642,34,Korzec Family Ltd.,SCR,UW,40,38.393587290000006,Otero
36-27186,36,Paul H Jones,SCR,UW,81,88.21101303,Lincoln
36-28341,36,EAST L/O,SCR,UW,42,38.20498424,Lincoln
36-29067,36,Dunagan Farms LLC.,SCR,UW,55,63.07978992,Lincoln
36-29840,36,Willard Tree Farm II,SCR,UW,20,19.8584916,Lincoln
36-41048,36,Hightower,SCR,UW,31,31.62783987,Lincoln
36-41074,36,Cleaver,SCR,UW,58,58.39075758,Lincoln
36-42841,36,A & R RIVER RANCH,SCR,UW,71,67.61400427000001,Lincoln
34-27589,34,Morgan Canyon,SCR,UW,34,33.55582302,Otero
36-44030,36,NA,SCR,UW,32,30.29876659,Lincoln
34-43009,34,Dirba's Hideaway,SCR,UW,12,4.99007911,Otero
36-43064,36,J&B Snowflake Ranch,SCR,UW,115,106.4059776,Lincoln
36-43035,36,Phillip Herrera Farm,SCR,UW,30,25.71442111,Lincoln
17-21213,17,Kelly Ranch,SCR,UW,311,239.82876305,Socorro
17-21216,17,Pete O. Zamora,SCR,UW,240,245.67146141,Socorro
17-27024,17,Pettis Ranch,SCR,UW,640,638.36865577,Socorro
34-21288,34,Cadwallader,SCR,UW,77,77.81923103,Otero
34-21314,34,D&L,SCR,UW,80,78.78247499,Otero
34-23161,34,Flowers,SCR,UW,60,58.99905552,Otero
34-28118,34,Victory,SCR,UW,24,24.1690443,Otero
34-28662,34,John Palmer (Outsid*,SCR,UW,49,48.54744789,Otero
36-41491,36,Cillessen,SCR,UW,21,20.638191990000003,Lincoln
17-21212,17,Pound Ranch,Base,UW,3844,3830.0129498,Socorro
34-21277,34,Nichols,Base,UW,456,498.8903555,Otero
13-43677,13,Bar OK,SCR,UW,40,39.48553005,Socorro
17-42316,17,Linchburg,SCR,UW,229,236.81463071000002,Socorro
17-21205,17,Tigner Cattle Co.,Base,UW,4049,4041.50065378,Socorro
17-26606,17,Kent Schauer,SCR,UW,80,79.89117974,Socorro
17-26608,17,DARRYL SULLIVAN,Base,UW,1516,5369.17080566,Sierra
17-27222,17,Flying X,SCR,UW,640,650.98450327,Socorro
17-29180,17,Ruddick Ranch,SCR,UW,80,79.6396377,Socorro
17-42035,17,3H SQUAW PEAK RANCH,Base,UW,2480,2518.42823297,Socorro
17-44047,17,San Juan Ranch,SCR,UW,240,246.65910639999998,Socorro
13-27009,13,WALRAVEN,Base,UW,1280,926.67322815,Catron
13-27579,13,Old Ary Ranch,Base,UW,1478,1480.8184651400002,Catron
13-27937,13,Hastings Ranch,SCR,UW,118,115.67968785,Catron
16E-28149,16E,SAN AUGUSTIN PLAIN RANCH,SCR,UW,600,565.7103161499999,Catron
17-21206,17,Wahoo Ranch,Base,UW,2200,2419.0247087,Socorro
17-29877,17,Sargent Tank,SCR,UW,40,39.590225800000006,Socorro
17-41504,17,Concho Hills Ranch,SCR,UW,80,78.90216474,Socorro
21A-43448,21A,Yaples Homestead LLC,SCR,UW,80,78.06921004,Sierra
13-44052,13,White House Yates A,SCR,UW,39,38.63189343,Catron
13-44059,13,White House Chavez,SCR,UW,38,37.33151366,Catron
16E-43383,16E,Walraven 16E,SCR,UW,276,276.28933902,Catron
15-20958,15,Julian/Porter,Base,UW,687,667.4382421800001,Catron
15-20996,15,Sawmill Canyon Ranch,SCR,UW,70,64.27793685,Catron
15-21031,15,La Campana/Aragon,Base,UW,2600,2587.4823299600002,Catron
15-21063,15,Bobby Salvo,Base,UW,870,826.78269783,Catron
15-21088,15,Johnson,Base,UW,1836,1833.0030443199998,Catron
15-41112,15,Sand Flat Ranch,SCR,UW,128,128.85135193000002,Catron
15-43487,15,Largo Creek,SCR,UW,78,78.5002371,Catron
15-43171,15,Farr Unit 15,Base,UW,1397,1392.30776937,Catron
16E-22525,16E,Salvo Ranch,Base,UW,5480,5305.7398213900005,Catron
15-27143,15,WEST HORSE MOUNTAIN STEIGER,Base,UW,3124,3119.39513592,Catron
15-20923,15,Toriette,Base,UW,1701,1800.2265801199999,Catron
15-20986,15,David Porter,SCR,UW,265,259.93333441,Catron
15-23053,15,Mossman,SCR,UW,40,40.68986766,Catron
15-28203,15,White,SCR,UW,54,51.998273389999994,Catron
15-28265,15,COSTILLA SPRINGS,SCR,UW,40,39.04242739,Catron
15-28346,15,Vista Verde Ranch,Base,UW,910,902.79898008,Catron
15-29630,15,LT,SCR,UW,10,10.02168118,Catron
15-41095,15,Pueblo Springs Ranch,SCR,UW,29,29.08385928,Catron
15-41098,15,J&J Ranch,SCR,UW,10,9.94286269,Catron
15-42261,15,RK Ranch LLC,SCR,UW,40,39.90093344,Catron
15-20961,15,Skousen,Base,UW,1226,1222.8651407099999,Catron
15-43375,15,Gallo Ranch 15,Base,UW,640,633.64219638,Catron
15-20930,15,McCarty,Base,UW,514,524.60863124,Catron
15-20956,15,Oliver Kiehne,SCR,UW,217,194.687409,Catron
15-20960,15,HUDSON RANCH,SCR,UW,124,133.21320053,Catron
15-26829,15,Wheeler,SCR,UW,42,41.45192122,Catron
15-29465,15,El Medio de Nada,SCR,UW,25,24.4429081,Catron
15-40451,15,Gray,SCR,UW,18,17.291989039999997,Catron
15-40886,15,Cienega Ranch,SCR,UW,160,150.80915123,Catron
15-41529,15,Reed Ranch,SCR,UW,210,208.25027095000002,Catron
15-41577,15,Spur Ranch Cattle Co,SCR,UW,606,618.09392553,Catron
16A-27592,16A,Delgado,SCR,UW,30,32.81773827,Catron
16A-29470,16A,Marshall Atwood,SCR,UW,25,23.55881086,Catron
15-44168,15,Cleo Laney Ranch,SCR,UW,9,8.82422495,Catron
15-44181,15,Howell Ranch,SCR,UW,21,21.386957730000002,Catron
16A-21091,16A,Blair Ranch,Base,UW,2275,1962.8123905,Catron
16C-21120,16C,Diamond/Fowler,Base,UW,2466,1532.24312311,Catron
16C-27420,16C,Beaver Creek,SCR,UW,10,9.4278062,Catron
16C-29857,16C,Rafter Spear,SCR,UW,54,54.37209552,Sierra
24-41429,24,Bar 7 T,SCR,UW,558,535.2306442,Grant
16C-21118,16C,Los Adobes 16C,Base,UW,38483,38307.03912807,Catron
16E-22523,16E,Los Adobes 16E,Base,UW,8507,8506.98209263,Catron
16A-41210,16A,Devils Park,SCR,UW,160,161.85856758999998,Catron
23-27842,23,HUGH B MCKEEN RANCH,Base,UW,710,648.12057624,Catron
23-40806,23,Cherry Canyon Farms,SCR,UW,155,167.00185638,Catron
23-41233,23,Haas Ranch,SCR,UW,494,495.62364887,Grant
36-43396,36,Jim and Darlene Bobb,SCR,UW,19,21.34706058,Lincoln
34-27099,34,WO,SCR,UW,59,57.33403564,Otero
34-27348,34,Lazy J-3,SCR,UW,93,90.40606903000001,Otero
34-28110,34,Algerita,SCR,UW,41,40.246907619999995,Otero
34-28965,34,Lard Tree Farm,SCR,UW,46,40.876434259999996,Otero
34-41471,34,Bar Jb,SCR,UW,5,5.01016948,Otero
34-41830,34,M/T Ranch,SCR,UW,41,44.22039514,Otero
34-42659,34,ABELL RANCH,SCR,UW,43,42.181463459999996,Otero
36-28094,36,Tortollita,SCR,UW,44,34.72859475,Lincoln
36-28353,36,Oso Grande,SCR,UW,18,18.29125189,Lincoln
36-28961,36,Vista Del Valle Min*,Base,UW,1504,999.0818679,Lincoln
36-41840,36,Old Miners Ranch,SCR,UW,5,3.8631237200000004,Lincoln
36-43728,36,Die Gans,SCR,UW,8,7.68382025,Lincoln
34-44138,34,Mcelheny,SCR,UW,40,35.11018163,Otero
36-44189,36,Parsons Mine,SCR,UW,12,12.21351891,Lincoln
36-43022,36,Parson's Ranch,SCR,UW,24,23.58534165,Lincoln
34-42816,34,Elk Meadows,SCR,UW,30,30.05400743,Otero
34-26551,34,Joel Pate,SCR,UW,37,35.21706007,Otero
34-27237,34,4 JC,SCR,UW,15,13.35999914,Otero
34-28871,34,Ben & Linda,SCR,UW,23,23.62494855,Otero
34-29878,34,Ballard,SCR,UW,20,18.27196013,Otero
34-40861,34,CV,SCR,UW,138,134.05287289999998,Otero
34-41397,34,Gail Cramer,SCR,UW,15,14.52284534,Otero
34-42028,34,Lazy K X Ranch,SCR,UW,46,43.830212929999995,Otero
34-42177,34,Batte Sullivan,SCR,UW,24,24.0969684,Otero
34-42184,34,Holland Ranch,SCR,UW,39,39.73845726,Otero
34-42204,34,Holland Ranch,SCR,UW,23,23.05037396,Otero
34-42205,34,Holland Ranch,SCR,UW,4,4.85084104,Otero
34-42206,34,Holland Ranch,SCR,UW,10,9.50285682,Otero
34-42823,34,Dalanjean,Base,UW,130,141.18769979,Otero
34-26939,34,Gillespie,Base,UW,239,214.39334653,Otero
34-43413,34,Bar H,SCR,UW,106,99.12338139,Otero
34-28739,34,Castelline,SCR,UW,35,34.89683401,Otero
34-21312,34,Ward,SCR,UW,32,32.808741430000005,Otero
34-27322,34,Potter,SCR,UW,86,86.96848369,Otero
34-27984,34,Miller,Base,UW,210,212.14670554,Otero
34-28039,34,Winding Brooke,SCR,UW,75,75.07053830999999,Otero
34-28090,34,Black Walnut,SCR,UW,11,9.99456687,Otero
34-28151,34,Carlson,SCR,UW,19,19.392570329999998,Otero
34-28303,34,Stone View,SCR,UW,21,20.73975519,Otero
34-42016,34,Faldyn Ranch,SCR,UW,10,10.677272499999999,Otero
34-43496,34,David Ripley,SCR,UW,16,15.59909392,Otero
34-43722,34,Half Circle D,SCR,UW,17,15.28323424,Otero
34-28235,34,Stone,Base,UW,684,674.65003167,Otero
34-43057,34,Wells,SCR,UW,41,40.496296730000005,Otero
34-43415,34,Freddy's Feathers,SCR,UW,83,83.66241713000001,Otero
34-21284,34,Merle Smith,Base,UW,382,378.95974292,Otero
34-21307,34,MUNSON,Base,UW,584,602.9115527800001,Otero
34-27469,34,James Harvey,SCR,UW,69,68.01440683,Otero
34-29115,34,Pine Valley,SCR,UW,60,59.4487329,Otero
34-41445,34,"B & B VENTURES, LLC RANCH",Base,UW,160,161.71202638,Otero
34-41558,34,Hayes,SCR,UW,80,79.60254883,Otero
34-41565,34,KATY TRACT RANCH,SCR,UW,83,82.64677062,Otero
34-41832,34,Perk Canyon,SCR,UW,25,23.60119962,Otero
34-42391,34,Los Pinos,Base,UW,240,250.24055952,Otero
34-43173,34,Dylans Ranch 1,SCR,UW,70,64.58445357000001,Otero
34-43175,34,Dylans Ranch 4,SCR,UW,70,71.28016052000001,Otero
34-43177,34,Dylans Ranch 3,SCR,UW,40,41.9806012,Otero
34-21272,34,A. D. SWOPE,Base,UW,520,497.53404409,Otero
34-21278,34,Mac Chew,SCR,UW,40,39.41058752,Otero
34-23159,34,Bonita Vista,SCR,UW,128,159.71483752999998,Otero
34-23165,34,Feeler,SCR,UW,75,74.5968533,Otero
34-28091,34,Holcomb Family Ranc*,Base,UW,1610,1602.7885303100002,Otero
34-28667,34,Sansapple,SCR,UW,10,7.95969314,Otero
34-29743,34,Logan Canyon,Base,UW,150,128.09005408000002,Otero
34-40800,34,Tindle,SCR,UW,11,11.09607641,Otero
34-40852,34,Robert & Susan Cone,SCR,UW,37,37.676138949999995,Otero
34-41780,34,Bar 5 Farm and Ranch LLC,SCR,UW,5,5.05868815,Otero
34-41836,34,Slow Spring Ranch,SCR,UW,10,7.8144776,Otero
34-41999,34,Chippaway Ranch,SCR,UW,85,83.78731585,Otero
34-42211,34,Pine Springs,SCR,UW,120,120.02841033,Otero
34-42656,34,ABELL APPLE FARM,SCR,UW,10,9.8341994,Otero
34-42746,34,SIMS RANCH,SCR,UW,29,25.63060582,Otero
34-44263,34,Bryan Ward,SCR,UW,13,13.657135049999999,Otero
34-29314,34,Hughes,SCR,UW,28,25.77673486,Otero
6A-20536,6A,RANCHO SAN PABLO DE GARCIA,Base,UW,653,616.14502299,Sandoval
6A-20631,6A,CASAUS RANCH,SCR,UW,40,34.90615442,Sandoval
6A-20733,6A,Eugene Johnson and Sons,SCR,UW,155,133.29799938,Sandoval
6A-41856,6A,Coruco Ranch,SCR,UW,15,15.05613299,Sandoval
7-41867,7,Eagle Mesa-Starr,Base,UW,2796,2793.33095284,Sandoval
9-20819,9,LUCERO BROTHERS,Base,UW,1120,1070.93668744,McKinley
7-22489,7,LOUIS WIESE III,Base,UW,1798,1792.84198185,Sandoval
6A-20592,6A,LOUIS WIESE III RANCH,Base,UW,881,869.2222009000001,Sandoval
9-20817,9,SIFREDO SANDOVAL RANCH,Base,UW,7168,6424.31477225,McKinley
7-22490,7,Leo Sandoval,SCR,UW,711,715.8067795,Sandoval
13-40843,13,Hijadero Spring Ranch #1,SCR,UW,320,324.82631727,Socorro
17-29195,17,M & K LOPEZ,SCR,UW,69,68.67686648,Socorro
17-41444,17,SKALSKI RANCH,SCR,UW,80,80.30064389,Socorro
17-43545,17,Flower Bar Ranch LLC,Base,UW,2867,2855.48036064,Socorro
13-43790,13,El Pato ,SCR,UW,160,164.32853563999998,Socorro
13-44151,13,Oso Otono,SCR,UW,108,104.30829102999999,Socorro
17-40429,17,Jenny Lynn's,SCR,UW,20,19.98006016,Socorro
13-28906,13,Rancho Santa Rita,SCR,UW,80,79.45263543,Socorro
10-20872,10,Meech Ranch,Base,UW,1473,1471.0775514000002,Cibola
10-28351,10,CLARA BARTON,SCR,UW,75,63.63774722,Cibola
10-29819,10,Lacy Ranch,Base,UW,960,942.32662514,Cibola
10-40515,10,Bucket,SCR,UW,20,20.45465831,Cibola
10-40898,10,HILES RANCH,SCR,UW,300,292.23514721,Cibola
10-41066,10,Game Trails Ranch,SCR,UW,11,11.80079296,Cibola
10-42616,10,SAVER LAND,SCR,UW,104,105.04181559999999,Cibola
12-42243,12,Meech Ranch,SCR,UW,155,154.39349713000001,Cibola
9-44794,9,Roderic Wade,SCR,UW,48,48.313079460000004,Cibola
9-44141,9,Huston Ridge,SCR,UW,40,40.02828501,Cibola
10-44223,10,Mandagaran,SCR,UW,240,239.93264474,Cibola
9-27188,9,Alex Marquez,SCR,UW,21,20.4785909,Sandoval
10-43139,10,Ten Candelaria Coop,Base,UW,1371,1364.52962812,Cibola
13-20919,13,William Owens Ranch,SCR,UW,522,190.78342517,Catron
13-26596,13,Randall Major,Base,UW,1281,1277.07506024,Catron
13-42263,13,CL Ranch 1,SCR,UW,40,39.77703094,Cibola
13-42265,13,CL Ranch 2,SCR,UW,80,84.5206866,Cibola
13-43489,13,Woods Camp,SCR,UW,40,40.9747055,Cibola
13-43683,13,Haag Ranch,SCR,UW,80,78.61975813999999,Catron
13-44109,13,Saddle Ranch,SCR,UW,80,73.25312462000001,Catron
13-44108,13,PC West Ranch,SCR,UW,100,95.30606518,Catron
13-44107,13,PC East Ranch,SCR,UW,100,97.93941578,Catron
13-44238,13,Tater,SCR,UW,40,39.29806275,Catron
13-43104,13,Hoggarth,SCR,UW,40,37.8872287,Catron
13-43033,13,Whale Tail 1,SCR,UW,40,38.42603055,Catron
13-43031,13,Johnson,SCR,UW,40,38.9620593,Catron
13-43160,13,4S Ranch,SCR,UW,40,38.97769293,Catron
13-43013,13,Treasure Ranch,SCR,UW,40,38.98971103,Catron
13-26898,13,Lily Bell,SCR,UW,320,321.8907529,Catron
13-29064,13,Bay Shore Farm & Ranch,SCR,UW,80,79.65217111,Catron
13-29244,13,Berklel Ranch,SCR,UW,240,226.44104393,Catron
13-41425,13,Camp Shield Ranch,SCR,UW,280,272.56898278,Catron
13-41442,13,Valhalla,SCR,UW,40,40.63972843,Catron
13-41947,13,SH Mesa,SCR,UW,40,40.9371995,Catron
13-42690,13,CAMP SHIELD II,SCR,UW,120,118.28359595,Catron
13-43477,13,Canyon View,SCR,UW,80,81.31767352,Catron
13-44186,13,Wagons West Ranch,SCR,UW,80,79.16254398,Catron
13-44055,13,White House Blue,SCR,UW,160,157.98087922,Catron
13-44056,13,White House Wood,SCR,UW,120,117.9461615,Catron
13-44054,13,White House Webster,SCR,UW,80,79.80184589,Catron
13-44237,13,Alamocito,SCR,UW,40,40.02475904,Catron
13-44239,13,Cash,SCR,UW,40,39.330273399999996,Catron
13-43103,13,Hoggarth,SCR,UW,40,38.351505880000005,Catron
13-43032,13,Johnson,SCR,UW,40,38.7957073,Catron
13-43161,13,Better Half,SCR,UW,40,38.59696159,Catron
13-43010,13,D. Schatz,SCR,UW,40,38.66096834,Catron
13-43409,13,Hill Top Ranch,SCR,UW,80,80.6426543,Catron
13-26590,13,Sydney Webb,Base,UW,1080,1061.54055631,Catron
12-42088,12,Mason Ranch,SCR,UW,330,327.4873065,Cibola
12-43871,12,Roschyk Ranch - West,SCR,UW,320,317.10357978,Catron
13-44015,13,Fenstermaker Ranch,SCR,UW,23,23.1182994,Cibola
13-44199,13,SBC2 Ice Caves,SCR,UW,80,81.63577683,Cibola
12-43531,12,4A Ranch,SCR,UW,154,158.97553681000002,Catron
12-40295,12,Holly,SCR,UW,320,320.85692343,Catron
12-40567,12,Cielito Lindo,SCR,UW,140,160.71443208000002,Catron
13-41971,13,CHEROKEE B MUNCY,SCR,UW,160,153.99504775,Catron
12-43016,12,Twisted Branch 2,SCR,UW,80,80.25983898,Catron
12-43015,12,Twisted Branch 1,SCR,UW,80,80.66303015,Catron
10-20855,10,JEKIELEK,Base,UW,780,878.9557253099999,McKinley
10-20882,10,BOND CATTLE RANCH,Base,UW,1813,1803.5840114500002,Cibola
10-20888,10,Lorenzo Perez,SCR,UW,14,13.70460305,Cibola
10-29478,10,FAITH VALLEY RANCH,SCR,UW,120,118.81494864,Cibola
10-29503,10,5 - LAMBSONS,SCR,UW,406,407.13559241999997,Cibola
10-41131,10,ELK COUNTRY RANCH,SCR,UW,80,80.17767873,Cibola
10-41157,10,THE PLACE,SCR,UW,60,69.36409210000001,Cibola
10-41177,10,Longbow,SCR,UW,38,38.0422202,Cibola
10-41654,10,Z Ranch 3,Base,UW,950,942.55865647,Cibola
10-42433,10,Wilkie,SCR,UW,320,311.90507314999996,McKinley
10-42645,10,CROSSFIRE CATTLE CO,SCR,UW,320,321.54770463,Cibola
12-40823,12,Oso Vista,SCR,UW,84,84.08365917,Cibola
10-44220,10,Lucero,SCR,UW,20,18.74244654,Cibola
10-41431,10,Purple Rock,Base,UW,2189,2117.48385437,Cibola
10-43407,10,Three Trees Ranch,SCR,UW,325,323.40458559,McKinley
10-20884,10,Baretinichich,SCR,UW,40,40.57228821,McKinley
10-26503,10,ROCK SPRINGS -MCGAFFEY RANCH,SCR,UW,85,82.95200099,McKinley
10-26722,10,Ranchito Berendo,SCR,UW,40,39.6481551,McKinley
10-27546,10,WAYNE BASGAL RANCH,SCR,UW,120,111.83249127,McKinley
10-29213,10,LAMBSON MESA,Base,UW,1399,1401.7220537599999,Cibola
10-29539,10,Ray,SCR,UW,25,25.377739950000002,McKinley
10-29641,10,Adrian Bond Ranch,SCR,UW,640,605.984502,McKinley
10-40562,10,Pineda,SCR,UW,15,15.42699268,Cibola
10-41156,10,Gonzales,SCR,UW,19,17.636701260000002,Cibola
10-42434,10,Slash Dollar,SCR,UW,37,35.011787399999996,McKinley
10-42704,10,FIVE O CLOCK,SCR,UW,22,21.7572806,Cibola
12-41774,12,Biggs Ranch,SCR,UW,640,617.2639368600001,McKinley
10-44081,10,CEB Ranch 10,SCR,UW,100,101.29530162,McKinley
12-44083,12,CEB Ranch 12,SCR,UW,127,124.87066062,McKinley
10-20885,10,MATKOVICH RANCH,SCR,UW,80,81.60560717,McKinley
12-43501,12,Myrna Burgess,SCR,UW,25,22.77387248,McKinley
12-40342,12,Thompson Place,SCR,UW,255,257.41318691,Cibola
12-41001,12,Rancho oro Escondido,SCR,UW,80,76.726152,Catron
12-41736,12,Pamela Vega,SCR,UW,640,646.77053884,Cibola
15-22509,15,Simpson Ranch,Base,UW,1346,1349.5901369199998,Catron
15-41940,15,JP SLASH RANCH,SCR,UW,480,468.04440064,Catron
12-44195,12,B406 Ranch,SCR,UW,203,237.89755753,Cibola
12-43077,12,Redemption Ranch 2,SCR,UW,160,160.5063287,Catron
12-40603,12,GOT NO LAND AND CATTLE,SCR,UW,605,603.99395486,Cibola
12-40998,12,McAvoy,SCR,UW,649,651.37928582,Cibola
12-42072,12,BERNARDO,SCR,UW,293,294.72707202,Catron
12-42084,12,Swanberg Ranch,SCR,UW,240,244.36851850000002,Catron
12-42808,12,Homestead Ranches,Base,UW,4030,4046.17804238,Cibola
13-27614,13,Haught Ranch,SCR,UW,141,140.78876183,Catron
13-28363,13,2M Bar Ranch,SCR,UW,120,119.31231107999999,Catron
15-21053,15,Charles Lamance,Base,UW,1639,1662.58534248,Catron
15-21073,15,Ernest Hubnik Estate,Base,UW,640,641.67679045,Catron
15-28915,15,Robber's Roost,SCR,UW,491,490.74363112000003,Catron
15-29752,15,Young Circle Y,Base,UW,1053,1064.70330688,Catron
15-42666,15,YOUNG TRIPLE Y,SCR,UW,80,80.98475762000001,Catron
15-43708,15,Double Y,SCR,UW,128,123.01486621,Catron
13-44053,13,White House Davenport,SCR,UW,160,156.12224805,Catron
15-44236,15,BARRETT,SCR,UW,40,41.319735609999995,Catron
13-27646,13,Rutter Ranch,SCR,UW,92,92.96143081,Catron
13-28422,13,Jeff Haught Ranch,SCR,UW,150,148.55759164,Catron
13-28949,13,Rutter Ranch,SCR,UW,123,122.60088894,Catron
13-41990,13,MOUNTAIN TOP,SCR,UW,640,638.5280232,Catron
15-28800,15,Gallegos Ranch,SCR,UW,14,14.38361988,Catron
15-41224,15,Rebel Ranch #8,SCR,UW,14,14.46031511,Catron
15-41483,15,Blackwelder Ranch,SCR,UW,158,158.30470269,Catron
15-43691,15,Mangas North Face,SCR,UW,213,216.26943968999998,Catron
16E-21196,16E,GUTIERREZ LAND & CATTLE,Base,UW,1538,1538.38151949,Catron
13-43165,13,South Crosby ,SCR,UW,80,79.8548011,Catron
13-20911,13,Dick Wellborn,Base,UW,4172,4161.6909152299995,Catron
15-21028,15,Leyba Ranch,Base,UW,1014,1008.19745891,Catron
15-26893,15,Thirsty Cowboy,SCR,UW,160,149.3280985,Catron
15-27847,15,Ray Jackloski Ranch,Base,UW,845,872.30418127,Catron
15-27993,15,Lonesome Pines,SCR,UW,20,19.821721619999998,Catron
15-28904,15,AGUA FRIA RANCHES,SCR,UW,134,127.67246104,Catron
15-29182,15,DCoy Ranch,SCR,UW,120,106.01558701,Catron
15-41179,15,Hensley Ranch,SCR,UW,280,274.34398378000003,Catron
15-43500,15,Bryant ,SCR,UW,115,113.3429862,Catron
15-43543,15,RTO Land and Cattle,SCR,UW,80,80.31944412,Catron
15-43097,15,Bachelor,SCR,UW,20,19.90834286,Catron
15-43024,15,CL Ranch,SCR,UW,20,19.57294277,Catron
15-21060,15,Charles Gaddis,Base,UW,1489,1456.13253274,Catron
15-20929,15,F Spear Slash Ranch,Base,UW,1120,1157.77435319,Catron
15-20945,15,Smith Ranch,SCR,UW,80,79.68631128,Catron
15-20968,15,CSURILLA,Base,UW,960,961.91220837,Catron
15-20978,15,Hooper Herefords,Base,UW,2928,2939.97130019,Catron
15-20992,15,Schultz,Base,UW,3521,3527.31157374,Catron
15-21002,15,Geisler Ranch,SCR,UW,384,384.34002549999997,Catron
15-28137,15,Peterson Ranch,SCR,UW,57,56.96876294,Catron
15-28143,15,Douglas-Berry Ranch,SCR,UW,80,78.58853048,Catron
15-28194,15,Derringer,SCR,UW,40,39.924920990000004,Catron
15-42303,15,Diamond Ring Ranch,Base,UW,640,652.37034485,Catron
15-20964,15,Slash Lightning Ranch,Base,UW,880,888.29276294,Catron
15-20926,15,HULSEY,SCR,UW,565,564.4222899,Catron
15-20939,15,Swapp,Base,UW,4264,4236.350543889999,Catron
15-20947,15,SOMETIME CREEK RANCH,Base,UW,1391,1388.00633583,Catron
15-21006,15,Whiting Family Trust,Base,UW,1821,1826.97941759,Catron
15-24495,15,Charles R. Young,SCR,UW,120,120.05526168,Catron
15-26598,15,KCK INVESTMENTS @ CENTERFIRE BOG,Base,UW,1073,973.16657476,Catron
15-27401,15,Anderson,SCR,UW,40,40.09578888,Catron
15-44831,15,Brack Revocable Trust,SCR,UW,80,81.00519283999999,Catron
15-41375,15,Willow Brook LLC,SCR,UW,70,67.03894792999999,Catron
15-41476,15,Reynolds,SCR,UW,13,27.86319456,Catron
15-41626,15,Grandpa Reynolds Ranch,SCR,UW,160,164.44641744,Catron
15-42228,15,Farm 2003 LLC,Base,UW,1762,1705.85464267,Catron
15-44233,15,Kaber,SCR,UW,7,7.5141674,Catron
15-43731,15,Mangitas Spring,SCR,UW,55,55.36582541,Catron
15-43085,15,J&C Ranch,SCR,UW,143,139.26223307,Catron
15-20940,15,Beem Ranch,SCR,UW,160,185.18692035,Catron
12-43516,12,Cowell Ranch,SCR,UW,280,283.95946178,Catron
12-29379,12,Sweigart,SCR,UW,320,320.53739416,Catron
12-41033,12,Nieto Ranch West,SCR,UW,80,81.75527371,Cibola
12-41381,12,DeWitt Ranch,SCR,UW,141,143.51292649,Cibola
12-42793,12,TLC RANCH,SCR,UW,149,148.33511562,Catron
13-28986,13,Red Buck Ridge,SCR,UW,156,138.49190492,Catron
13-29300,13,Kent & Brenda Schauer,SCR,UW,80,79.98881627,Catron
36-29293,36,Van Tol Property,SCR,UW,37,40.254618480000005,Lincoln
48-29740,48,Combs,SCR,UW,41,56.681021969999996,Mora
36-43420,36,Darlene and Jim Bobb,SCR,UW,40,43.0586056,Lincoln
36-43713,36,The Bonito,SCR,UW,9,9.21635374,Lincoln
12-43744,12,Clover Farms,SCR,UW,17,16.08544378,Cibola
53-21810,53,Max P. Romero,SCR,UW,80,78.85917296,Taos
53-41797,53,Costilla Farm,SCR,UW,60,60.688345559999995,Taos
48-41305,48,Hinders,SCR,UW,55,55.87511897,Mora
12-43138,12,Redemption #5,SCR,UW,160,158.2497635,Catron
12-43076,12,Redemption Ranch 3,SCR,UW,160,160.51642457,Catron
12-43074,12,Redemption Ranch 6 ,SCR,UW,141,137.23225501000002,Catron
12-43073,12,Redemption Ranch 7,SCR,UW,160,157.76893477000002,Catron
12-43072,12,Redemption Ranch 8,SCR,UW,160,156.23693274,Catron
12-43101,12,Redemption Ranch 9,SCR,UW,160,159.71580642,Cibola
12-43517,12,Landis,SCR,UW,122,112.93189523999999,Catron
13-44402,13,Back 40,SCR,UW,120,117.81672121,Catron
13-44418,13,North Lake,SCR,UW,67,65.78159694,Cibola
12-44420,12,M203,SCR,UW,203,196.54896034,Cibola
12-44432,12,Ash,SCR,UW,194,189.59308159,Catron
17-44436,17,Diamond A Western Division LLC,SCR,UW,40,39.86264473,Socorro
6C-44450,6C,Ranchito Escondido,SCR,UW,35,27.09447641,Rio Arriba
15-44457,15,B & B,SCR,UW,160,160.73810645,Catron
6C-44471,6C,Tish B,SCR,UW,16,14.97393628,Rio Arriba
12-44826,12,NOWAK,SCR,UW,159,161.00750800999998,Cibola
34-44485,34,LBR,SCR,UW,45,45.06598144,Otero
34-44224,34,Randall McGure Ranch,SCR,UW,11,11.320537889999999,Otero
16A-44496,16A,Herrin Mesa 16A,SCR,UW,25,24.74878823,Catron
34-42215,34,Lazy KX Weed,SCR,UW,21,21.26471846,Otero
34-41022,34,Wrangham,SCR,UW,12,11.11017017,Otero
51-44548,51,Schlabach Ranch LLC,Base,UW,640,640.00427251,Rio Arriba
12-43023,12,Redemption Ranch 10,SCR,UW,480,478.17089355999997,Cibola
16D-44560,16D,Babbling Brook Hunting Lodge,SCR,UW,19,19.24813184,Catron
15-44577,15,Thirsty Elk Ranch,SCR,UW,20,20.37332065,Catron
23-28905,23,Faust Ranch,SCR,UW,153,152.50990019999998,Catron
6A-44602,6A,Rancho De Los Chavez,SCR,UW,40,38.777573110000006,Sandoval
13-44614,13,Dinger Ranch,SCR,UW,80,79.43793125,Catron
51-44161,51,Los Lopez,SCR,UW,33,34.46083501,Rio Arriba
13-44622,13,Cash #2,SCR,UW,40,38.97130432,Catron
13-44623,13,Cash #4,SCR,UW,40,39.48292926,Catron
13-44069,13,White House Yates C,SCR,UW,38,38.22035355,Catron
6A-44626,6A,EDSM Ranch,SCR,UW,6,6.86158904,Sandoval
17-44628,17,Rcienda,SCR,UW,20,21.83622146,Socorro
51-22437,51,Charles Hibner,Base,UW,951,939.02086899,Rio Arriba
51-44634,51,Pena 13ac,SCR,UW,13,116.13140601,Rio Arriba
51-29202,51,Pena,SCR,UW,16,16.87762532,Rio Arriba
51-20472,51,Harold Ulibarri,SCR,UW,68,70.92477052,Rio Arriba
6C-29238,6C,Lome Coyote,SCR,UW,19,15.867168410000001,Rio Arriba
51-22431,51,La Joya,Base,UW,1270,1275.3817763999998,Rio Arriba
6A-27967,6A,JOHNNY LOVATO,SCR,UW,60,62.74275202,Rio Arriba
34-29170,34,Tall Cactus LLC,Base,UW,2427,2373.49174444,Otero
53-42365,53,Walker West Fork,SCR,UW,67,66.69445591,Taos
53-26788,53,THE GOLD MINT,SCR,UW,16,23.21580814,Taos
50-28424,50,Rafael F. Vigil,SCR,UW,290,291.07664404999997,Taos
48-43397,48,Valley of the Ute,SCR,UW,49,49.22443779,Colfax
48-28425,48,Rafael F. Vigil,SCR,UW,111,108.99905556,Colfax
48-42711,48,Corazon Ranch Llc,SCR,UW,112,104.16037268000001,Colfax
48-43162,48,Norris Ranch,Base,UW,630,627.61352157,Mora
49-22553,49,ORLANDO ARELLANO,SCR,UW,165,151.48728386,Mora
45-44207,45,Irene Cordova Ranch,SCR,UW,4,5.17394684,Taos
48-21530,48,Juan Torres,Base,UW,229,189.06986458999998,Colfax
48-22547,48,G Spear,Base,UW,767,709.9101685700001,Mora
48-29474,48,Cruz,SCR,UW,54,58.49900739,Mora
48-40926,48,Pickett,SCR,UW,84,79.45762552,Mora
51-29666,51,Tablon,SCR,UW,10,8.8551818,Rio Arriba
51-44162,51,Diolynda Pena Ranch,SCR,UW,21,21.13203859,Rio Arriba
51-43707,51,PIAS,SCR,UW,42,42.55676073,Rio Arriba
50-43410,50,RANCHO DIAMANTE,SCR,UW,441,438.57775207,Taos
50-21580,50,Fermin Torres,Base,UW,640,638.03933377,Taos
50-21585,50,Schofield,Base,UW,4229,4315.98922985,Taos
51-42367,51,Jaramillo,SCR,UW,115,116.24649966,Rio Arriba
51-43835,51,Dream Ranch,SCR,UW,14,14.40452892,Rio Arriba
51-44428,51,Aventura,SCR,UW,15,14.95516469,Rio Arriba
51-29534,51,Jacal de Palo,SCR,UW,40,40.353825379999996,Rio Arriba
52-43774,52,Purple Heart,SCR,UW,160,159.10759668999998,Rio Arriba
51-44061,51,Rancho Unidad,SCR,UW,5,3.9399708500000004,Rio Arriba
51-44094,51,Rancho Rael,SCR,UW,43,42.07865292,Rio Arriba
51-29726,51,Chacon and Son,SCR,UW,96,66.91410209,Rio Arriba
45-21376,45,5 R,SCR,UW,119,119.86988275,Taos
45-28656,45,Casados,SCR,UW,27,29.00449905,Taos
45-29914,45,Mountain View Ranch,SCR,UW,26,27.909331560000002,San Miguel
45-42801,45,Ojito de Caballo LLC,SCR,UW,49,45.41551226,Taos
45-28021,45,Cindy Roybal,SCR,UW,36,38.04767359,San Miguel
45-43066,45,Valle De Roybal II,SCR,UW,31,31.10382152,San Miguel
52-29122,52,Red Cedar Lake,SCR,UW,36,36.03646677,Rio Arriba
5B-20431,5B,Puerto Tract II&III,Base,UW,480,491.38467599,Rio Arriba
51-21632,51,HERMAN TRUJILLO,SCR,UW,100,65.01221597000001,Rio Arriba
51-29071,51,Turnbow,SCR,UW,20,21.66081133,Rio Arriba
51-43700,51,Ortega,SCR,UW,15,14.40313699,Rio Arriba
51-43802,51,Upper Montane Ranch,SCR,UW,60,59.932360859999996,Rio Arriba
51-44174,51,Martinez,SCR,UW,27,27.84521624,Rio Arriba
51-44515,51,BLT 2,SCR,UW,52,40.085305219999995,Rio Arriba
51-41785,51,Norman D Vigil Ranch,SCR,UW,105,103.86860216,Rio Arriba
51-41788,51,Rancho Potreros Verdes,SCR,UW,149,150.45253154,Rio Arriba
6C-27130,6C,Felix Valdez Ranch,SCR,UW,126,122.99092721,Rio Arriba
51-43433,51,Old Pit,SCR,UW,43,42.64719709,Rio Arriba
5B-41850,5B,Louisa Branch Ranch,SCR,UW,181,186.9009139,Rio Arriba
51-44205,51,Rancho De Los Cordovas,SCR,UW,20,20.19234904,Rio Arriba
6C-22455,6C,ELSIE HAYS,SCR,UW,237,220.62533247000002,Rio Arriba
6C-28916,6C,Valdez,SCR,UW,9,8.52496142,Rio Arriba
6C-28936,6C,Encino Ranch (Sandoval),SCR,UW,4,4.01729449,Rio Arriba
6C-29711,6C,LOVATO BROTHERS (COMBINED),Base,UW,608,550.9420531,Rio Arriba
6C-20530,6C,RECHUELOS,Base,UW,724,665.31675731,Rio Arriba
6A-20589,6A,AGUA SARCA RANCH,SCR,UW,65,84.13655647,Rio Arriba
6A-20617,6A,CORRALES / CARUANA RANCH,SCR,UW,20,19.65041507,Rio Arriba
6A-20675,6A,MARTINEZ RANCH,SCR,UW,48,44.747494169999996,Rio Arriba
6A-27412,6A,JOSE CHACON,SCR,UW,100,98.15455118999999,Rio Arriba
6C-22920,6C,Reducinda Maestas,SCR,UW,152,180.46610814000002,Rio Arriba
5B-20498,5B,Bar Triangle Seven,SCR,UW,140,134.97406586999998,Rio Arriba
5B-43059,5B,El rancho del Ojo,SCR,UW,205,179.36419496000002,Rio Arriba
6C-42519,6C,RS Salazar,SCR,UW,100,99.70745822,Rio Arriba
6C-20696,6C,GERARD GONZALES,SCR,UW,52,43.43221526,Rio Arriba
6C-22478,6C,David Martinez,SCR,UW,15,17.8031902,Rio Arriba
6C-28028,6C,Linda Sanchez,SCR,UW,38,41.503978260000004,Rio Arriba
6C-28676,6C,D and S Triple C,SCR,UW,21,21.38717099,Rio Arriba
6C-29234,6C,Lightning Ridge,SCR,UW,32,32.4693103,Sandoval
6C-41632,6C,Rancho Bonito,SCR,UW,17,17.82085807,Rio Arriba
6C-29849,6C,Martinez Akell Ranch,SCR,UW,29,31.85981706,Rio Arriba
36-42208,36,Eagle Creek Mustang Ranch,SCR,UW,14,14.43967445,Lincoln
36-21327,36,Cook Canyon,SCR,UW,160,155.99188484,Lincoln
36-42763,36,HAT T RANCH,SCR,UW,67,68.51300805000001,Lincoln
36-27991,36,Nogal,SCR,UW,43,35.346242540000006,Lincoln
36-42477,36,MCEnergy LLC,Base,UW,535,499.49787181,Lincoln
34-40499,34,Caitlin Benally,SCR,UW,39,38.552395360000006,Otero
36-41828,36,Tays Ranch,SCR,UW,79,80.07689217000001,Lincoln
36-44466,36,Puerta de la Luna,SCR,UW,16,12.73628781,Lincoln
36-44566,36,TURKEY CREEK,SCR,UW,10,9.5282865,Lincoln
34-44179,34,Marsch,SCR,UW,13,13.38897388,Otero
36-21317,36,LOMA GRANDE,Base,UW,320,323.29624203,Lincoln
13-29303,13,T-3 Ranch Inc.,SCR,UW,320,314.68074954,Socorro
17-40815,17,Old Mill Canyon,SCR,UW,80,81.72371240999999,Socorro
34-42176,34,Batte Fruit Farm,Base,UW,224,224.85644565,Otero
17-29818,17,WALLACE RANCH,SCR,UW,123,123.52292138000001,Socorro
17-27049,17,CHAUNTE CANYON RANCH,SCR,UW,1040,931.1697142300001,Socorro
17-43834,17,Water Canyon Ranch,SCR,UW,170,170.75352176,Socorro
17-21207,17,Three Links,Base,UW,8189,8155.69975255,Socorro
13-41689,13,Hijadero Spring Ranch #2,SCR,UW,80,77.17424298,Socorro
17-23218,17,Dun Hill,Base,UW,1012,1018.25041567,Socorro
13-28150,13,San Augustin Plain,Base,UW,15996,15995.60179795,Catron
13-27013,13,Bruton Ranch,Base,UW,1240,1115.20351191,Socorro
13-26952,13,Cohn,Base,UW,1993,1983.48555834,Catron
15-21076,15,Walraven Ranch,Base,UW,2270,2212.9335708,Catron
13-44065,13,White House Yates B,SCR,UW,38,39.228190749999996,Catron
13-42047,13,CHEROKEE B MUNCY 2,SCR,UW,160,158.67776895999998,Catron
15-43703,15,GP Ranch,SCR,UW,358,353.28469638,Catron
16E-21185,16E,Double Spring Ranch,Base,UW,3187,2752.02121536,Catron
17-44435,17,Tei Point of Rocks LLC,SCR,UW,160,151.67467114,Socorro
17-44437,17,Tei Hang on Draw LLC,SCR,UW,80,81.2488628,Socorro
17-44439,17,Tei Morine Place LLC,SCR,UW,40,39.73622889999999,Socorro
17-44440,17,Tei Old Tank LLC,SCR,UW,40,39.22888201,Socorro
21A-28175,21A,GREAT SOUTHWEST (#10),SCR,UW,20,90.69644247,Sierra
21B-27776,21B,Half Circle MD,Base,UW,2310,2240.7222016200003,Sierra
21A-42599,21A,The Lookout,SCR,UW,89,90.34600361,Catron
21A-44549,21A,Hermosa,SCR,UW,54,52.72071994,Sierra
15-42631,15,WOOD RANCH,SCR,UW,160,161.09711815,Catron
12-43741,12,Canning Bar 6,Base,UW,1589,1592.4260101999998,Catron
15-43169,15,Ghost Elk Unit 15,Base,UW,1274,1426.64736044,Catron
15-42700,15,FLYING S RANCH,SCR,UW,505,520.0056384,Catron
15-21038,15,R&D Buchanan,Base,UW,1520,1541.02510818,Catron
15-22508,15,Williams Largo Ranch,Base,UW,6018,6056.21630172,Catron
15-43401,15,White Rock Lake,SCR,UW,160,155.84657355,Catron
15-44087,15,Kent and Brenda Schauer,SCR,UW,160,161.81641444,Catron
16E-21195,16E,FD CATTLE CO.,Base,UW,5039,5010.27239491,Catron
15-21016,15,E. Aragon,Base,UW,1783,1730.01990018,Catron
16D-21137,16D,Y Ranch,Base,UW,1480,1225.6743176,Catron
15-29326,15,Our Heaven,SCR,UW,162,161.88922602999997,Catron
15-44545,15,VELVET ANTLER,Base,UW,1280,1261.63692119,Catron
15-21087,15,Condo/Leaver,SCR,UW,190,189.44104638,Catron
15-27502,15,Cross V Ranch Inc.,SCR,UW,56,56.661138259999994,Catron
16D-21135,16D,Glen McCarty,Base,UW,959,782.46108581,Catron
15-44203,15,H Bar C Ranch,SCR,UW,30,28.210507149999998,Catron
16D-22513,16D,CHARLIE MCCARTY,SCR,UW,721,700.27587091,Catron
15-23036,15,REINSHAGEN RANCH,SCR,UW,40,39.00116974,Catron
16D-29511,16D,Henley,SCR,UW,60,69.64257179,Catron
15-43732,15,PH2,SCR,UW,20,19.23577926,Catron
15-43676,15,Baca Springs,SCR,UW,40,39.98930629,Catron
15-44132,15,CH Lone Pine Ranch,Base,UW,640,648.15285878,Catron
15-44215,15,Laney Ranch 1,SCR,UW,60,57.88598462,Catron
15-20925,15,H-V RANCH,Base,UW,4962,4978.06880195,Catron
15-20928,15,FRANK ORONA,Base,UW,780,797.8218336000001,Catron
23-42223,23,Lazy Meadows,SCR,UW,58,57.925493110000005,Catron
16A-21106,16A,Double Springs Ranch,Base,UW,1160,1336.71938465,Catron
16A-40525,16A,T Bar Ranch,SCR,UW,340,341.23046342,Catron
16C-21119,16C,Double Spring Ranch,Base,UW,6282,6148.19367016,Catron
16A-43789,16A,Deadman Spring Ranch Miller,SCR,UW,40,41.04507267,Catron
16A-27184,16A,Glen McCarty,SCR,UW,159,62.59093876,Catron
16A-44631,16A,"Emil Kiehne & sons, Inc",SCR,UW,151,151.06023996000002,Catron
16A-28230,16A,Julio Cordova,SCR,UW,43,42.51533957,Catron
23-28772,23,Faust Cattle Co.,SCR,UW,90,93.06055655,Catron
23-42448,23,RS PLEASANTON,SCR,UW,50,49.86985307,Catron
34-43131,34,Camp of the Tall Pines LLC,Base,UW,236,223.00983630000002,Otero
34-44035,34,Brandon and Jennifer Woods,SCR,UW,13,13.502610129999999,Otero
34-28923,34,Sterling Woltering,SCR,UW,74,74.09168894,Otero
34-26920,34,Watson,Base,UW,583,539.21413839,Otero
34-44584,34,Mayhill Ranch,Base,UW,622,622.0219907,Otero
34-43745,34,Lazy Dollar,Base,UW,740,737.736865,Otero
34-27868,34,SILVERBELL,Base,UW,430,457.92556454,Otero
34-43174,34,Dylans Ranch 2,SCR,UW,40,27.1489744,Otero
34-27218,34,D&R Outfitting,Base,UW,888,888.039472,Otero
34-43071,34,5 STAR RANCH LLC,Base,UW,412,409.23551614,Otero
2-28335,2,MORENO RANCH,SCR,UW,480,432.53535967,Rio Arriba
5B-20464,5B,ALFONSO CHACON,SCR,UW,160,146.76821472,Rio Arriba
6A-20551,6A,Selustriano Gonzales,SCR,UW,40,38.505151839999996,Rio Arriba
6A-22479,6A,Cosme Chacon,SCR,UW,30,30.284705250000002,Rio Arriba
6A-44531,6A,Chacon Sons,SCR,UW,82,68.28919113,Rio Arriba
6A-20523,6A,SOMBRIO,Base,UW,550,540.69579377,Sandoval
6A-20606,6A,Jacobo De Herrera,SCR,UW,249,252.32022158,Sandoval
6A-20583,6A,Ernest Montoya,Base,UW,1007,993.87173863,Sandoval
6A-26494,6A,Richard Velarde,SCR,UW,35,34.88067945,Sandoval
6A-42709,6A,HERNANDEZ SONS & DAUGHTERS,SCR,UW,236,234.18598257,Sandoval
6A-42670,6A,SONS RANCH LLC,SCR,UW,104,104.48100593999999,Sandoval
6A-44227,6A,Myers Ranch,SCR,UW,17,16.57235033,Sandoval
6A-20591,6A,TORIBIO MARTINEZ RANCH,SCR,UW,118,88.96785382,Sandoval
6A-20747,6A,ALBERTO HERRERA RANCH,SCR,UW,154,188.54725921,Sandoval
10-20863,10,CODDINGTON'S TWIN SPRING RANCH,Base,UW,640,635.6239920400001,Cibola
9-44142,9,Mirabel,SCR,UW,40,39.439616029999996,Cibola
10-26504,10,COLEMAN TRUST,SCR,UW,155,155.28605936,McKinley
10-40786,10,Roland Ranches,SCR,UW,80,75.61259547,McKinley
10-20861,10,Charles Harding Ranch,Base,UW,680,667.81448559,Cibola
12-41314,12,Amanda R Montoya,SCR,UW,125,125.79921848,Cibola
13-42231,13,Forever Ranch,SCR,UW,40,38.369633889999996,Catron
13-27051,13,Lazy Heart Ranch 2,SCR,UW,160,159.74445747000001,Catron
12-42054,12,WD JACKSON,SCR,UW,240,239.18503363,Cibola
10-44565,10,CHICKEN,SCR,UW,160,159.65547714,Cibola
13-44621,13,Cash #3,SCR,UW,40,39.47339382,Catron
13-44624,13,Tater #2,SCR,UW,40,39.04080989,Catron
10-20857,10,CECILIO MIRABAL RANCH,Base,UW,2146,2146.2261488199997,Cibola
12-43870,12,Roschyk Ranch - East,SCR,UW,320,318.13241828,Catron
12-44607,12,Eagle Claw,SCR,UW,222,224.05401742,Catron
12-42083,12,DAVIS RANCH,Base,UW,1436,1428.81403727,Cibola
10-20866,10,Willcoxson Ranch,SCR,UW,70,70.09919785000001,Cibola
10-27988,10,MIRABAL'S INSCRIPTION ROCK RANCH,Base,UW,4160,4270.330735820001,Cibola
10-42442,10,Van Belle,SCR,UW,31,29.69725802,Cibola
12-40075,12,White's Ranch,Base,UW,2086,2157.7387130899997,Cibola
12-42122,12,MALDONADO,SCR,UW,100,99.11225507,Cibola
12-44500,12,Robison FL Ranch,SCR,UW,291,291.81319807,Cibola
15-20935,15,Arcenia P Chavez Ranch,SCR,UW,360,361.65797513,Catron
12-26876,12,Red Cone,Base,UW,7260,7253.47755504,Catron
12-29388,12,DORER RANCH,SCR,UW,76,73.5299629,Catron
15-20970,15,R. Chavez,Base,UW,4427,4437.41547679,Catron
12-42803,12,Farrington Co-op,Base,UW,4640,4636.46544969,Catron
12-20906,12,McKinley,Base,UW,11220,11542.58903443,Catron
45-27680,45,Tortuga,SCR,UW,20,20.02522167,Taos
52-41439,52,Los Pinos Uno,SCR,UW,17,16.788597499999998,Rio Arriba
6A-41871,6A,Sisneros Ranch/El Rito,SCR,UW,10,9.999987280000001,Sandoval
6C-40391,6C,Neamh,SCR,UW,21,20.974661089999998,Rio Arriba
6A-43686,6A,MH1,SCR,UW,36,18.43030593,Sandoval
6C-43687,6C,Espinosa Ranch,SCR,UW,25,23.113521459999998,Rio Arriba
12-43851,12,Silver Sky,SCR,UW,480,481.64196881000004,Catron
12-29392,12,KD Ranch,SCR,UW,34,34.645271560000005,Catron
6A-44112,6A,MD7 - Olivas,SCR,UW,48,46.13937314,Sandoval
51-44175,51,Gib and Girls,SCR,UW,10,10.30554951,Rio Arriba
15-44222,15,Boone Ranch,SCR,UW,90,93.42301038000001,Catron
36-44234,36,HB Ranch,SCR,UW,75,72.84237660999999,Lincoln
16A-26969,16A,Macho Grande,SCR,UW,20,19.44565008,Catron
15-42796,15,CONNIE'S,SCR,UW,40,40.97122816,Catron
34-28088,34,HOTH,SCR,UW,8,8.424350800000001,Otero
13-43096,13,SKY CREST,SCR,UW,40,38.179774529999996,Catron
53-21779,53,Norman Gwinn,Base,UW,3840,3853.87441609,Taos
52-40527,52,Romero,SCR,UW,121,174.70146108,Rio Arriba
49-40829,49,Meyer,SCR,UW,37,36.59865807,Taos
49-43144,49,El Ranchito Escondido,SCR,UW,10,10.1425913,Taos
51-43681,51,Pinyon Plateau,Base,UW,630,633.77234828,Taos
51-43479,51,Eliseo R Martinez,SCR,UW,55,50.198154419999995,Rio Arriba
51-44187,51,Robert Gonzales,SCR,UW,12,13.13908696,Rio Arriba
51-22442,51,Victor Salazar,SCR,UW,141,141.83232786,Rio Arriba
6C-26480,6C,Cargill Ranch,SCR,UW,100,86.19693554,Rio Arriba
5B-20515,5B,MARTINEZ RANCH COYOTE,SCR,UW,164,160.03358629000002,Rio Arriba
5B-29898,5B,BENITO JACQUEZ RANCH,SCR,UW,53,52.07492155,Rio Arriba
5B-40425,5B,Leonard and Francine Jacquez,SCR,UW,78,76.66560352,Rio Arriba
6A-20585,6A,CIRCLE K,SCR,UW,140,142.60263555999998,Sandoval
6A-26485,6A,Elaine Shoman,SCR,UW,54,53.9636234,Sandoval
6A-41299,6A,E Morales,SCR,UW,20,20.31008022,Sandoval
6A-41300,6A,A Morales,SCR,UW,31,30.499110599999998,Sandoval
36-42178,36,"WG PROPERTIES, LLC",SCR,UW,62,57.16865566,Lincoln
36-21329,36,C BAR X,Base,UW,1580,1640.83221167,Lincoln
36-29770,36,Magado Creek,Base,UW,448,437.93207905,Lincoln
36-40557,36,The Perry Ranch Inc.,SCR,UW,128,130.99968010999999,Lincoln
17-26753,17,Bar A,Base,UW,1753,1905.2420170599999,Socorro
17-27311,17,74 RANCH,Base,UW,6521,8168.1444777,Sierra
17-40862,17,Monticello Community Ditch,SCR,UW,142,152.11467098,Socorro
21B-42843,21B,Monticello Community Ditch,SCR,UW,115,114.84550002,Socorro
13-28773,13,Springdale Ranch,SCR,UW,140,140.65550796,Catron
21B-26754,21B,Bar A,SCR,UW,253,254.05765433000002,Socorro
15-20953,15,LENA MILLIGAN,SCR,UW,60,77.45072984,Catron
34-27747,34,Parker Trout Farm,SCR,UW,78,98.65429844,Otero
34-26553,34,420,Base,UW,567,566.27120213,Otero
34-42240,34,LKKR Lake Ranch,SCR,UW,10,7.75659355,Otero
17-28263,17,Rodasyl,SCR,UW,20,9.89170899,Socorro
17-26604,17,BETTY PAUL,Base,UW,3200,3210.66446243,Socorro
17-21224,17,LIL TURKEY SLASH,Base,UW,3230,3059.68273121,Socorro
13-42034,13,BEAR SPRINGS RANCH,Base,UW,2624,2573.51390181,Socorro
13-44040,13,The Woo Ranch,SCR,UW,40,37.57458356,Catron
13-44042,13,TK,SCR,UW,40,39.2295948,Catron
13-43102,13,Hoggarth,SCR,UW,40,38.41275055,Catron
13-43572,13,3-S,SCR,UW,100,100.27026402,Cibola
13-26964,13,Third Mesa Ranch,Base,UW,6880,6889.45651801,Catron
15-43750,15,Scott,Base,UW,1540,1567.45486012,Catron
10-44067,10,Strickland Ranch,Base,UW,958,949.65053843,Cibola
12-43078,12,Redemption Ranch 1,SCR,UW,160,160.55307684,Catron
12-40789,12,Vega Ranch,SCR,UW,320,324.86277786,Cibola
12-43692,12,JLB Ranch,SCR,UW,486,488.726431,Cibola
13-26962,13,Quien Sabe Ranch,Base,UW,5809,5492.4456190500005,Catron
15-21034,15,Ponderosa,Base,UW,640,634.2360121099999,Catron
15-21055,15,Paul Thomas,SCR,UW,420,410.30120643,Catron
15-21061,15,Carl Carter,Base,UW,1320,1313.28251233,Catron
13-23223,13,Fred Saulsberry LTD.,Base,UW,2413,2189.61226591,Catron
12-42116,12,WASTCHAK COOP,SCR,UW,147,147.54410033,Catron
12-43075,12,Redemption Ranch 4,SCR,UW,160,160.71197597000003,Catron
5B-44400,5B,HH,SCR,UW,119,111.70484841000001,Rio Arriba
15-44422,15,Elk Camp,Base,UW,741,735.44018396,Catron
17-44438,17,Tei Hunters Hideout LLC,SCR,UW,10,9.91229743,Socorro
17-44441,17,Tei Hang on Draw LLC 40,SCR,UW,40,39.77304171,Socorro
17-44442,17,Tei West Bolander LLC,SCR,UW,40,39.94264605,Socorro
51-44493,51,A&M,SCR,UW,31,29.84708862,Rio Arriba
51-44512,51,GALLEGOS,SCR,UW,8,9.27917239,Rio Arriba
12-44572,12,FOWLER,SCR,UW,165,163.3836932,Cibola
13-28264,13,Abbe Springs Ranch,SCR,UW,150,149.89941438000002,Socorro
36-44620,36,Cold Canyon Ranch,SCR,UW,140,138.63579794,Lincoln
13-44072,13,White House Yates D,SCR,UW,38,40.60479391,Catron
53-21775,53,YOUNG LAND AND CATTLE,Base,UW,4710,4699.59135742,Taos
48-27041,48,Maria Sanchez,Base,UW,309,308.51144697999996,Colfax
51-44633,51,Pena 22ac,SCR,UW,22,22.84245018,Rio Arriba
52-21737,52,Richard Coca,SCR,UW,53,159.73220783,Rio Arriba
51-43065,51,Mendonca Ranch,SCR,UW,20,23.24636023,Rio Arriba
45-42369,45,Rael,SCR,UW,11,11.830837,Rio Arriba
45-43873,45,Bella Vista Ranch,SCR,UW,13,8.50267246,Taos
45-21375,45,RANCHO DE SANTA BARBARA,Base,UW,741,657.41998317,Taos
45-21361,45,GILBERT ROYBAL,SCR,UW,45,44.69176316,San Miguel
45-26441,45,Estevan Roybal,SCR,UW,91,90.92916340000001,San Miguel
51-22890,51,JRP Partnership,SCR,UW,93,93.2330732,Rio Arriba
51-43843,51,North 40 Acres,SCR,UW,40,39.964156620000004,Rio Arriba
51-21659,51,MOISES MORALES,SCR,UW,176,168.46404934,Rio Arriba
51-28120,51,SERRANO,SCR,UW,226,196.04007239999999,Rio Arriba
6C-20699,6C,MADRID RANCH,Base,UW,789,745.62294271,Rio Arriba
6C-22916,6C,JUAN BAUTISTA VALDEZ LAND GRANT INC.,Base,UW,1029,909.77401869,Rio Arriba
51-44145,51,Canadita,SCR,UW,74,74.18148339,Rio Arriba
6C-27126,6C,LOVATO'S RANCH,SCR,UW,31,31.92789743,Rio Arriba
6A-20685,6A,Bruno Herrera,Base,UW,462,425.08136699,Sandoval
6A-44167,6A,Rito Leche,SCR,UW,40,40.41483265,Sandoval
6C-22458,6C,John M Padilla,SCR,UW,17,16.78425694,Rio Arriba
36-29302,36,HAT 6,SCR,UW,224,203.44836768,Lincoln
36-28869,36,Beier,SCR,UW,83,82.94631242999999,Lincoln
36-44097,36,Indian Creek Canyon,SCR,UW,140,143.23127214,Lincoln
17-42304,17,WALLACE RANCH,Base,UW,1350,1352.18461698,Socorro
12-29391,12,Gray,SCR,UW,67,65.13059921,Catron
13-44194,13,B87 Ranch,SCR,UW,164,160.09207202000002,Catron
13-44401,13,B161,SCR,UW,161,160.93332577,Catron
13-44421,13,Old,SCR,UW,160,160.77823579,Catron
17-44444,17,Tei Ashers Stronghold LLC 40,SCR,UW,40,39.567324940000006,Socorro
21B-21232,21B,74 Ranch,Base,UW,7500,8852.49632544,Sierra
21B-44598,21B,UJ Ranch,Base,UW,1652,1651.67941571,Sierra
15-43695,15,Cox 38 Bar,Base,UW,1360,1347.12081415,Catron
15-20954,15,Robinson,SCR,UW,400,415.21603739,Catron
16D-43017,16D,Bull Park Ranch,SCR,UW,32,34.18487248,Catron
15-44582,15,Apache Creek Deaf and Youth,SCR,UW,354,385.15091003,Catron
16A-42828,16A,RAINY MESA,SCR,UW,257,250.72472291000003,Catron
16A-43157,16A,Atwood Ranch,SCR,UW,40,39.92328193,Catron
34-42761,34,STETSON ELKINS,Base,UW,568,568.9170893400001,Otero
34-27697,34,S/4,Base,UW,866,903.56654784,Otero
34-44103,34,Avis Ranch,Base,UW,220,219.98237868,Otero
34-44604,34,Chad Sayre,SCR,UW,76,75.78217668,Otero
34-28089,34,K SQUARED,SCR,UW,8,8.12171674,Otero
2-20012,2,FRANK & GENE GOMEZ,Base,UW,2150,2147.13639653,Rio Arriba
2-20023,2,Gomez Family Property LLC,Base,UW,2600,2553.81951259,Rio Arriba
5B-27740,5B,ERIC CHACON RANCH 5B,Base,UW,535,513.11213349,Rio Arriba
6A-20659,6A,Leo Jacquez,SCR,UW,21,16.726899550000002,Sandoval
6A-43864,6A,Mary and Bryan Ranch,SCR,UW,51,50.57695607,Sandoval
6A-43461,6A,Sandoval,SCR,UW,42,42.011735169999994,Sandoval
10-27907,10,Jerry Elkins Ranch,Base,UW,2235,2211.28564799,Cibola
13-44039,13,KJ Ranch,SCR,UW,40,40.3182307,Catron
12-44085,12,Tres Lagunas KLC,SCR,UW,368,373.72802344,Cibola
13-41094,13,BIG DUKE RANCH,SCR,UW,40,39.3956727,Catron
13-44041,13,TJ,SCR,UW,40,41.04987947,Catron
10-27032,10,CARVER/WILCOX RANCH,Base,UW,1642,1608.01014237,Cibola
10-20851,10,Davis,Base,UW,1627,1578.00260464,Cibola
12-44544,12,Bond South Ranch 12,Base,UW,3928,3890.16524025,Cibola
12-40110,12,"RAINBOW MESA RANCH, LLC",SCR,UW,297,282.16658634,Cibola
12-29360,12,Quemado Landowner Group,Base,UW,7040,7039.64514549,Catron
15-44046,15,Hang'n Iron,Base,UW,3729,3632.0162615,Catron
15-20948,15,CANDELARIO CHAVEZ,SCR,UW,170,172.94429049,Catron
12-27036,12,HUBBELL RANCH,Base,UW,7040,7137.77476066,Catron
13-29178,13,KENT & BRENDA SCHAUER,SCR,UW,80,81.03366694,Catron
12-22926,12,Turley Lambson Bond Coop,Base,UW,3140,3137.5180213500003,McKinley
6C-20548,6C,GALLEGOS ,SCR,UW,202,200.24709324000003,Rio Arriba
36-44211,36,Bird Ranch,Base,UW,1310,1379.96108841,Lincoln
6C-22474,6C,Jose Valdez,SCR,UW,101,99.00942895,Rio Arriba
51-22581,51,Jose D. Chacon,SCR,UW,222,222.21533155,Rio Arriba
51-21634,51,DONALD MARTINEZ,Base,UW,320,316.94320775,Rio Arriba
51-42394,51,Canada,SCR,UW,51,33.49459017,Rio Arriba
51-42714,51,HORSE SHOE BAR,SCR,UW,10,10.15648444,Rio Arriba
6A-28660,6A,STUEDELL'S ELK RANCH,SCR,UW,69,53.23638982,Rio Arriba
51-29594,51,Rancho Justicia,SCR,UW,16,15.43655116,Rio Arriba
45-27257,45,Dennis Cruz,SCR,UW,61,73.45692213000001,Rio Arriba
51-21660,51,Pino Martinez,SCR,UW,58,58.90843208,Rio Arriba
51-42716,51,AA M RANCH,SCR,UW,24,23.44017869,Rio Arriba
5B-42718,5B,4A,SCR,UW,38,39.13858298,Rio Arriba
5B-44777,5B,Romeo Ranch,SCR,UW,160,177.76507857,Rio Arriba
9-43689,9,Roderic Wade,SCR,UW,42,41.212402000000004,Cibola
10-44798,10,CIEN FUEGOS,SCR,UW,22,22,Cibola
10-44799,10,Z Lazy B,SCR,UW,160,157.75871247,McKinley
10-44801,10,Bluewater Ranch,SCR,UW,190,191.24231965,Cibola
10-44804,10,Box Canyon,SCR,UW,400,464.97771691,McKinley
12-44809,12,3W2,SCR,UW,160,160.98058343,Catron
15-44810,15,3W,SCR,UW,312,313.11374999,Catron
12-44821,12,Fowler North,SCR,UW,165,163.05616576,Cibola
12-44822,12,NOWAK,SCR,UW,161,161.10583601,Cibola
12-44823,12,NOWAK,SCR,UW,162,156.77895633999998,Cibola
12-44824,12,NOWAK,SCR,UW,159,159.92537862999998,Cibola
12-44825,12,NOWAK,SCR,UW,160,161.45215181,Cibola
15-44830,15,TJ,SCR,UW,150,148.85712728000001,Catron
15-40839,15,"Salvus Holdings, LLC",SCR,UW,80,79.41385027,Catron
15-44833,15,AK Investments,SCR,UW,18,19.35098966,Catron
15-44834,15,Wag,SCR,UW,29,30.998721189999998,Catron
15-44838,15,Post,SCR,UW,80,80.46440292,Catron
15-44841,15,Paul and Mary Curry Enterprises,SCR,UW,190,192.52789535000002,Catron
15-44840,15,Bishop Canyon Mariposa,SCR,UW,97,97.15250894,Catron
15-44842,15,Luna Cottonwood ,SCR,UW,140,140.96318087,Catron
23-44846,23,RS Farm,SCR,UW,270,268.02375601,Catron
23-44856,23,Swapp Land and Cattle,SCR,UW,90,89.35904298,Catron
13-44863,13,Robert Baker Ranch,SCR,UW,160,160.41551273000002,Catron
16D-44866,16D,Chapel Brothers 16D,SCR,UW,23,22.95597131,Catron
16A-44870,16A,Clayton Atwood,SCR,UW,40,40.13465565,Catron
16A-44872,16A,HFI 16A,SCR,UW,36,36.337099460000005,Catron
17-44875,17,Garcia Ranch,Base,UW,2439,2417.04308903,Socorro
17-44877,17,Rosedale,SCR,UW,50,48.11503144,Socorro
17-44879,17,Mellinger,SCR,UW,286,286.34439237,Socorro
36-44073,36,Silver King Ranch,SCR,UW,15,13.384590269999999,Lincoln
36-44884,36,JM,SCR,UW,10,9.75924593,Lincoln
51-44890,51,Davis Family,SCR,UW,19,18.313932310000002,Rio Arriba
13-44891,13,Clymo Cattle Company,SCR,UW,160,160.05467184,Catron
13-44892,13,1780 Blue Sky Ranch,SCR,UW,120,118.61822944000001,Catron
13-44899,13,Hermit's haven,SCR,UW,62,60.327871370000004,Catron
51-44897,51,Dragon Wycke,SCR,UW,124,127.67186167,Rio Arriba
51-44898,51,Las Uvas,SCR,UW,68,67.06030989,Rio Arriba
51-44902,51,Pinabetal 2,SCR,UW,13,14.523933,Rio Arriba
51-44903,51,Pinabetal 1,SCR,UW,7,7.16047616,Rio Arriba
51-44904,51,Flying M,SCR,UW,13,12.78089189,Rio Arriba
51-44907,51,Bonsai 4,SCR,UW,4,4.33650482,Rio Arriba
51-27434,51,Soberanez,SCR,UW,40,39.9949454,Rio Arriba
51-44914,51,Caballo Borracho Creek Farm Tract B,SCR,UW,3,3.3193418500000003,Rio Arriba
13-44917,13,Darin Hendrixon Ranches,SCR,UW,120,117.02490588,Catron
13-44925,13,Rutter Ranch T 7&8,SCR,UW,57,62.297711899999996,Catron
13-44929,13,CK,SCR,UW,40,38.825099210000005,Catron
13-44931,13,TK-2,SCR,UW,40,40.40231445,Catron
48-44930,48,Aspen Ridge,SCR,UW,6,6.525484720000001,Colfax
13-44933,13,KJ2,SCR,UW,40,40.34256956,Catron
48-44932,48,Soell,SCR,UW,86,89.53545491999999,Mora
13-44934,13,Ghost Coon Ranch ,SCR,UW,40,40.15070453,Catron
49-44939,49,Tienditas Property Trust,SCR,UW,32,30.29143902,Taos
49-44937,49,Quintana Sanchez,SCR,UW,40,39.59428352,Taos
49-44938,49,Las Tienditas,SCR,UW,46,46.74745431,Taos
45-44944,45,"Red Aspen Leaf Ranch, LLC",SCR,UW,25,29.64959498,Rio Arriba
45-44951,45,La Cuchilla,SCR,UW,39,38.49793891,Taos
34-44955,34,Premier Business Consultants LLC,SCR,UW,50,49.89194358,Otero
34-44959,34,Huntland,SCR,UW,10,9.77781098,Otero
34-44961,34,S,SCR,UW,7,7.41802746,Otero
34-44962,34,FLS,SCR,UW,20,19.14635815,Otero
34-44965,34,Duke 5,SCR,UW,8,7.99099843,Otero
13-40379,13,Taubman 120,SCR,UW,126,123.75210983,Catron
52-44973,52,Olguin 2,SCR,UW,10,9.72745956,Rio Arriba
6A-44974,6A,D. Chavez - La Jara,SCR,UW,20,20.02976657,Sandoval
15-44981,15,Dads,SCR,UW,31,31.03060006,Catron
2-45089,2,VANDENBROECK,SCR,UW,67,66.22912000000001,Rio Arriba
15-45099,15,Carrejo Ranch,SCR,UW,125,129.68907525999998,Catron
15-45098,15,Wapiti Canyon,SCR,UW,80,79.01589326999999,Catron
12-45095,12,Painted Mesa Ranch,Base,UW,1480,1479.18405883,Catron
36-45096,36,Nogal Patch,Base,UW,160,157.19462555,Lincoln
15-45094,15,Negrito Springs Ranch LLC,SCR,UW,160,153.313332,Catron
15-45093,15,Phantom Creek,SCR,UW,77,73.90064918,Catron
15-45092,15,DONKEY GIRLS,SCR,UW,80,80.54522447,Catron
15-45090,15,Aragon Well,SCR,UW,90,90.73696253,Catron
15-45120,15,Cow Springs,Base,UW,2559,2339.0051935899996,Catron
15-45119,15,El Guero Ranch LLC,SCR,UW,303,301.44664876999997,Catron
17-45114,17,Elk Haven,SCR,UW,400,402.24395801,Socorro
34-45113,34,Silver Springs RV Park and Trout Pond,SCR,UW,20,20.12471763,Otero
34-45112,34,Wortley Ranch,SCR,UW,5,5.00581023,Otero
34-45110,34,Sacramento Mountain Retreat,SCR,UW,62,47.8528529,Otero
34-45100,36,Lopez,Base,UW,127,126.85364858,Otero
34-45102,34,7B,SCR,UW,70,70.99006025999999,Otero
36-45124,36,Zumwalt,SCR,UW,36,35.87187816,Lincoln
36-45123,36,Henry's Cattle Farm,SCR,UW,108,104.66973753,Lincoln
36-45121,36,Berryhill,SCR,UW,22,23.1787817,Lincoln
45-45177,45,Rancho de los Gatos,SCR,UW,35,34.8774682,Taos
49-43807,49,Taos M3E,SCR,UW,10,9.756952159999999,Taos
51-45168,51,TT Bar,SCR,UW,90,90.80665949,Rio Arriba
51-45174,51,Rawls,SCR,UW,40,39.8603034,Rio Arriba
51-45166,51,Herrera,SCR,UW,22,20.97372927,Rio Arriba
52-45161,52,Raymond Smith,Base,UW,1102,1112.80922483,Rio Arriba
53-45158,53,Sunshine Valley Ranch LLC,Base,UW,3920,3899.67135948,Taos
53-45157,53,Enchanted Forest,SCR,UW,101,121.59625917999999,Taos
16D-45154,16D,Froggy Island,SCR,UW,68,69.08184973,Catron
34-45146,34,KLS,SCR,UW,16,16.54619069,Otero
15-44025,15,Snowflake Valley,SCR,UW,16,16.4978635,Catron
15-45141,15,Mom and Pops Hideaway,SCR,UW,10,10.0306184,Catron
15-45274,15,Hooper House Lot,SCR,UW,4,5.1348595,Catron
15-45275,15,Hooper Windmill Lot,SCR,UW,94,90.60681249000001,Catron
15-45277,15,Hooper Corral Lot,SCR,UW,136,140.24057138999999,Catron
15-45270,15,Divide 1,SCR,UW,80,78.70098422000001,Catron
10-45285,10,Rancho Garra De Oso,SCR,UW,48,48.96086736,Cibola
12-45237,12,Rensch 1,SCR,UW,60,60.360248659999996,Cibola
12-45151,12,Pajarito,SCR,UW,160,159.64704913999998,Cibola
12-45234,12,4 W Ranch LLC,Base,UW,2040,1939.20941983,Catron
12-45219,12,Nowak Ranch,SCR,UW,38,38.48072128,Cibola
13-45243,13,Tater 45 Combined,SCR,UW,80,38.669309919999996,Catron
15-45272,15,Stray Bird Dog,SCR,UW,26,25.310153359999997,Catron
13-45222,13,KJ3,SCR,UW,60,60.212256460000006,Catron
6A-45267,6A,Austin Vigil,SCR,UW,41,40.29200341,Rio Arriba
6A-45198,6A,Neville,SCR,UW,13,12.70478928,Rio Arriba
34-45218,34,Comino ,Base,UW,432,432.35885557999995,Otero
48-45287,48,Coyote,SCR,UW,16,16.228270470000002,Colfax
15-45271,15,Frances Sanchez,SCR,UW,14,13.67592789,Catron
36-45286,36,Crooked Sky ,SCR,UW,71,71.42973898,Lincoln
17-45281,17,Smithco Tucker Ranch LLC,Base,UW,6120,6119.94918228,Socorro
17-21210,17,Darrell Welty,Base,UW,4362,4295.76109806,Socorro
21B-45282,21B,Smithco Tucker Ranch LLC,Base,UW,3910,3910.58973416,Catron
15-45273,15,State Line,SCR,UW,230,232.23477479000002,Catron
12-45227,12,GW York LLC,Base,UW,34200,34148.39011047,Cibola
34-26972,34,Angel Canyon,Base,UW,1009,1009.81995793,Otero
12-45242,12,Akard Trust,SCR,UW,945,941.09590526,Cibola
12-45241,12,Ponderosa 1,SCR,UW,28,28.03431952,Cibola
12-45240,12,Black Mountain 1,SCR,UW,80,81.73330072,Catron
13-45228,13,Catron Cibola Ranches LLC 13,Base,UW,2800,4487.9036729,Catron
13-45228,13,Catron Cibola Ranches LLC 13,Base,UW,2800,4487.9036729,Cibola
13-45228,13,Catron Cibola Ranches LLC 13,Base,UW,2800,4487.9036729,Cibola
13-45228,13,Catron Cibola Ranches LLC 13,Base,UW,2800,4487.9036729,Catron
13-45228,13,Catron Cibola Ranches LLC 13,Base,UW,2800,4487.9036729,Catron
16B/22-27985,16B/22,LINK,Base,UW,40,37.88401393,Catron
16B/22-43799,16B/22,Diamond Bar Ranch,SCR,UW,40,38.63350888,Grant
16B/22-42288,16B/22,NORTH 40,SCR,UW,40,38.61568318,Grant
16B/22-41606,16B/22,Elicio,SCR,UW,24,23.67765694,Grant
16B/22-42314,16B/22,Evans,SCR,UW,41,41.44383664,Catron
16B/22-42880,16B/22,Fanny Springs Water Supply,SCR,UW,13,65.28733736,Catron
